id,Name,Date,Day,Place,In Time,No of Adults,No of Children,Total
1,Wendel Dominetti,07/03/2022,Mon,Dhauli,09:08,1,3,4
2,Orazio Harsant,03/03/2022,Thu,Dhauli,12:21,2,3,5
3,Frants Ketchen,03/03/2022,Thu,Nandankanan,14:31,4,1,5
4,Eadmund Soles,05/03/2022,Sat,Lingraj,15:52,5,4,9
5,Diena Morris,03/03/2022,Thu,Lingraj,12:45,4,1,5
6,Verine Condie,07/03/2022,Mon,Lingraj,11:06,3,3,6
7,Dennison Bicksteth,02/03/2022,Wed,Nandankanan,16:58,6,1,7
8,Damian Livard,03/03/2022,Thu,Dhauli,13:11,2,3,5
9,Garey Bourdis,03/03/2022,Thu,Lingraj,10:26,5,2,7
10,Humphrey Neames,05/03/2022,Sat,Dhauli,10:25,1,3,4
11,Marcelo Pifford,04/03/2022,Fri,Lingraj,12:20,6,3,9
12,Editha Canto,07/03/2022,Mon,Dhauli,13:01,4,4,8
13,Barnard Lynn,05/03/2022,Sat,Lingraj,10:38,6,2,8
14,Reiko Wolstencroft,07/03/2022,Mon,Lingraj,11:37,2,2,4
15,Jane Lauritsen,03/03/2022,Thu,Nandankanan,09:50,3,1,4
16,Ephraim Crocker,01/03/2022,Tue,Dhauli,15:29,3,2,5
17,Poppy Hay,02/03/2022,Wed,Dhauli,16:26,2,1,3
18,Mariquilla Verny,07/03/2022,Mon,Nandankanan,15:16,4,3,7
19,Swen Behrend,01/03/2022,Tue,Dhauli,09:00,5,3,8
20,Maurits Paoli,02/03/2022,Wed,Dhauli,13:19,1,4,5
21,Ellette Casel,03/03/2022,Thu,Lingraj,16:38,6,3,9
22,Randal Sowray,07/03/2022,Mon,Nandankanan,13:51,5,1,6
23,Adele Zavattari,04/03/2022,Fri,Nandankanan,11:28,6,1,7
24,Regan Nangle,03/03/2022,Thu,Lingraj,10:13,2,4,6
25,Timothea Melmore,02/03/2022,Wed,Dhauli,13:49,2,4,6
26,Melinde Atyeo,03/03/2022,Thu,Nandankanan,15:14,1,2,3
27,Deb Tetlow,06/03/2022,Sun,Dhauli,14:45,5,1,6
28,Nettle Jizhaki,07/03/2022,Mon,Nandankanan,11:12,2,4,6
29,Pearle Egle,03/03/2022,Thu,Nandankanan,14:34,2,2,4
30,Vic Benka,04/03/2022,Fri,Lingraj,12:20,6,3,9
31,Lovell Eldon,04/03/2022,Fri,Nandankanan,16:04,1,3,4
32,Jocelyne Camble,06/03/2022,Sun,Nandankanan,10:58,4,3,7
33,Adoree Hastings,04/03/2022,Fri,Dhauli,14:46,1,3,4
34,Lita Grigsby,06/03/2022,Sun,Dhauli,12:32,4,1,5
35,Jared Pizer,02/03/2022,Wed,Nandankanan,10:26,3,2,5
36,Alverta Atcherley,03/03/2022,Thu,Dhauli,15:05,4,4,8
37,Caria MacTague,06/03/2022,Sun,Nandankanan,09:55,2,3,5
38,Tedda Elgood,02/03/2022,Wed,Dhauli,09:00,1,1,2
39,Reta Conway,03/03/2022,Thu,Nandankanan,10:09,4,3,7
40,Silvia Mandy,02/03/2022,Wed,Lingraj,15:19,1,3,4
41,Monique Bucklee,04/03/2022,Fri,Lingraj,12:36,3,3,6
42,Corey Bamb,07/03/2022,Mon,Lingraj,09:33,3,2,5
43,Sheridan De Zamudio,03/03/2022,Thu,Nandankanan,15:23,1,3,4
44,Delainey Ferencz,04/03/2022,Fri,Dhauli,11:01,1,2,3
45,Willyt MacKissack,01/03/2022,Tue,Lingraj,10:18,1,3,4
46,Delora Hynd,07/03/2022,Mon,Dhauli,15:41,1,2,3
47,Willis Rands,02/03/2022,Wed,Dhauli,10:12,6,4,10
48,Bogey Hyland,05/03/2022,Sat,Nandankanan,11:10,4,4,8
49,Dorene Arbuckle,01/03/2022,Tue,Nandankanan,10:08,1,3,4
50,Imogene Creelman,02/03/2022,Wed,Dhauli,15:07,4,2,6
51,Mason Piggins,02/03/2022,Wed,Lingraj,16:41,1,2,3
52,Bartram Darwin,07/03/2022,Mon,Nandankanan,09:01,1,4,5
53,Abdel Weatherdon,04/03/2022,Fri,Dhauli,10:54,5,1,6
54,Avivah Dawid,06/03/2022,Sun,Lingraj,15:16,5,3,8
55,Francoise Watkinson,07/03/2022,Mon,Nandankanan,12:51,6,2,8
56,Hagen Cholomin,03/03/2022,Thu,Nandankanan,09:36,2,4,6
57,Clementina Vowles,06/03/2022,Sun,Lingraj,11:16,1,4,5
58,Lillis Tipens,02/03/2022,Wed,Lingraj,10:16,6,3,9
59,Raye Tesseyman,04/03/2022,Fri,Nandankanan,10:19,3,4,7
60,Abbie Tock,03/03/2022,Thu,Dhauli,14:31,4,4,8
61,Chen Tirrey,06/03/2022,Sun,Nandankanan,12:54,3,1,4
62,Ethelda Milbourn,07/03/2022,Mon,Dhauli,15:02,2,1,3
63,Arleyne Berthomieu,06/03/2022,Sun,Lingraj,11:07,2,2,4
64,Alard Laughtisse,06/03/2022,Sun,Nandankanan,12:01,1,1,2
65,Theodor Corran,04/03/2022,Fri,Nandankanan,09:13,2,2,4
66,Maia Latus,02/03/2022,Wed,Lingraj,14:34,6,3,9
67,Storm Brownsmith,06/03/2022,Sun,Nandankanan,13:20,3,3,6
68,Jena McIndoe,06/03/2022,Sun,Nandankanan,15:48,1,3,4
69,Hermann Scotson,05/03/2022,Sat,Lingraj,15:51,5,2,7
70,Clemmy Savage,06/03/2022,Sun,Dhauli,13:41,1,3,4
71,Wilburt Culshew,02/03/2022,Wed,Dhauli,13:00,4,4,8
72,Norris Berford,04/03/2022,Fri,Lingraj,15:02,2,3,5
73,Christie Waldram,07/03/2022,Mon,Lingraj,14:20,2,3,5
74,Helenka Shillam,07/03/2022,Mon,Nandankanan,14:45,1,1,2
75,Derron Colleck,03/03/2022,Thu,Lingraj,09:07,2,3,5
76,Isiahi Paffley,05/03/2022,Sat,Lingraj,16:20,1,1,2
77,Carly Dewicke,06/03/2022,Sun,Lingraj,14:07,2,1,3
78,Cort Glazyer,04/03/2022,Fri,Dhauli,10:46,4,4,8
79,Amelita Craighall,06/03/2022,Sun,Nandankanan,16:47,3,2,5
80,Shelli Irons,07/03/2022,Mon,Dhauli,11:20,6,1,7
81,Arleyne McCuish,03/03/2022,Thu,Nandankanan,12:56,6,2,8
82,Gray Antcliffe,05/03/2022,Sat,Dhauli,10:58,6,3,9
83,Katharyn Corre,02/03/2022,Wed,Lingraj,13:01,4,4,8
84,Purcell Coggin,05/03/2022,Sat,Lingraj,15:39,3,3,6
85,Fransisco Myton,01/03/2022,Tue,Dhauli,12:05,1,4,5
86,Winifield Gallatly,04/03/2022,Fri,Nandankanan,12:36,6,1,7
87,Hans Jurges,03/03/2022,Thu,Lingraj,15:05,4,3,7
88,Kesley Vogeller,02/03/2022,Wed,Nandankanan,10:46,1,2,3
89,Ainslee Romanini,02/03/2022,Wed,Lingraj,14:07,4,1,5
90,Evaleen Wapplington,07/03/2022,Mon,Nandankanan,14:38,2,3,5
91,Alli Jewar,06/03/2022,Sun,Dhauli,15:34,4,3,7
92,Estel Tolefree,07/03/2022,Mon,Lingraj,16:08,4,1,5
93,Patrice Darragh,04/03/2022,Fri,Nandankanan,13:48,3,3,6
94,Benedetto Johnikin,04/03/2022,Fri,Dhauli,16:39,4,2,6
95,Berkeley Cornwall,02/03/2022,Wed,Dhauli,10:15,3,3,6
96,Toinette Nurcombe,01/03/2022,Tue,Lingraj,11:13,4,3,7
97,Riki Brabben,01/03/2022,Tue,Dhauli,15:36,3,3,6
98,Mikaela Gornal,06/03/2022,Sun,Dhauli,15:41,6,2,8
99,Daria Barbey,04/03/2022,Fri,Lingraj,15:19,1,1,2
100,Lorene McEntagart,01/03/2022,Tue,Nandankanan,16:23,3,4,7
101,Annora Goodlife,02/03/2022,Wed,Lingraj,15:33,6,4,10
102,Kathleen Bramah,01/03/2022,Tue,Dhauli,13:12,6,4,10
103,Chariot Beranek,07/03/2022,Mon,Lingraj,10:02,2,3,5
104,Kalinda Jewitt,06/03/2022,Sun,Nandankanan,13:54,4,2,6
105,Ozzy Patience,04/03/2022,Fri,Nandankanan,10:21,5,2,7
106,Merwyn Magne,06/03/2022,Sun,Nandankanan,11:25,2,3,5
107,Kaitlynn Tee,01/03/2022,Tue,Dhauli,12:32,4,1,5
108,Boot Brugden,05/03/2022,Sat,Lingraj,14:47,5,2,7
109,Jelene Kenwood,07/03/2022,Mon,Nandankanan,14:30,1,2,3
110,Karmen Pikesley,02/03/2022,Wed,Lingraj,16:56,6,2,8
111,Corbet Gadsby,02/03/2022,Wed,Nandankanan,11:45,4,4,8
112,Wells Ham,02/03/2022,Wed,Lingraj,11:55,4,4,8
113,Conrad Howey,01/03/2022,Tue,Nandankanan,14:09,2,4,6
114,Maryl Boothe,07/03/2022,Mon,Nandankanan,09:18,3,3,6
115,Nikoletta De Wolfe,06/03/2022,Sun,Nandankanan,16:31,3,2,5
116,Meredithe Darthe,04/03/2022,Fri,Dhauli,09:44,5,2,7
117,Oralia Flooks,05/03/2022,Sat,Nandankanan,14:19,1,3,4
118,Milli Chesnay,01/03/2022,Tue,Lingraj,16:03,3,2,5
119,Tris MacAllen,01/03/2022,Tue,Lingraj,11:34,3,1,4
120,Saunder Antham,05/03/2022,Sat,Dhauli,10:54,2,4,6
121,Lorry Bewfield,03/03/2022,Thu,Lingraj,11:32,1,1,2
122,Marji Blucher,01/03/2022,Tue,Nandankanan,11:30,3,4,7
123,Audy Klees,07/03/2022,Mon,Nandankanan,16:11,4,3,7
124,Gaby Fair,04/03/2022,Fri,Dhauli,09:17,1,3,4
125,Josselyn Nowlan,07/03/2022,Mon,Dhauli,09:01,6,1,7
126,Dionysus Calow,03/03/2022,Thu,Lingraj,16:52,6,4,10
127,Florina Haylett,04/03/2022,Fri,Lingraj,11:52,4,2,6
128,Calhoun Boshier,05/03/2022,Sat,Dhauli,15:52,4,4,8
129,Dyana Scaplehorn,05/03/2022,Sat,Nandankanan,10:56,2,4,6
130,Lorianna Carik,07/03/2022,Mon,Dhauli,16:12,6,3,9
131,Liuka Dikles,05/03/2022,Sat,Dhauli,11:20,3,4,7
132,Morna Colicot,02/03/2022,Wed,Nandankanan,09:37,6,2,8
133,Jarret Chadwen,04/03/2022,Fri,Dhauli,11:46,3,3,6
134,Kimmie Parmer,07/03/2022,Mon,Nandankanan,10:10,4,3,7
135,Hewitt Casoni,04/03/2022,Fri,Nandankanan,09:45,1,2,3
136,Constantine Soreau,07/03/2022,Mon,Lingraj,13:55,1,4,5
137,Bond Frusher,05/03/2022,Sat,Lingraj,15:16,2,4,6
138,Alonzo Helsby,02/03/2022,Wed,Nandankanan,16:09,5,2,7
139,Caralie Portigall,05/03/2022,Sat,Lingraj,09:09,2,2,4
140,Rubie Keenlayside,06/03/2022,Sun,Nandankanan,15:14,5,2,7
141,Blair Perview,06/03/2022,Sun,Lingraj,14:31,5,2,7
142,Philomena Jillitt,01/03/2022,Tue,Lingraj,09:58,4,1,5
143,Krysta Roddick,05/03/2022,Sat,Nandankanan,15:13,1,1,2
144,Bibby Feighney,06/03/2022,Sun,Dhauli,11:37,4,2,6
145,Hubert McMechan,02/03/2022,Wed,Dhauli,16:18,2,1,3
146,Robers Keemar,02/03/2022,Wed,Nandankanan,11:03,4,1,5
147,Hal Commander,01/03/2022,Tue,Lingraj,12:20,3,4,7
148,Benedicta Attride,06/03/2022,Sun,Lingraj,09:11,4,4,8
149,Jillayne Angier,01/03/2022,Tue,Lingraj,15:43,3,3,6
150,Shirley Gheraldi,03/03/2022,Thu,Nandankanan,14:36,1,4,5
151,Obie Spring,02/03/2022,Wed,Nandankanan,11:13,6,4,10
152,Korey Peggrem,02/03/2022,Wed,Lingraj,10:25,6,2,8
153,Barbara-anne Brightey,06/03/2022,Sun,Dhauli,13:48,2,1,3
154,Kelbee Millward,07/03/2022,Mon,Dhauli,15:25,4,4,8
155,Brigida Hammarberg,05/03/2022,Sat,Dhauli,13:08,5,4,9
156,Dionis Skip,01/03/2022,Tue,Nandankanan,15:42,2,3,5
157,Shea Ashness,06/03/2022,Sun,Dhauli,15:37,5,2,7
158,Berkly Lewzey,06/03/2022,Sun,Lingraj,12:46,2,4,6
159,Garnette Dulake,05/03/2022,Sat,Lingraj,10:01,5,4,9
160,Rubia Manley,03/03/2022,Thu,Lingraj,16:43,1,4,5
161,Cristiano Baudain,04/03/2022,Fri,Nandankanan,11:26,4,3,7
162,Marc Duckit,06/03/2022,Sun,Lingraj,09:29,5,3,8
163,Rivy Maior,02/03/2022,Wed,Dhauli,09:10,1,1,2
164,Karilynn Fydoe,02/03/2022,Wed,Dhauli,15:45,4,2,6
165,Benjy Marre,05/03/2022,Sat,Lingraj,16:31,6,4,10
166,Eadith Baldacchi,05/03/2022,Sat,Nandankanan,15:50,1,3,4
167,Kalil MacGaffey,03/03/2022,Thu,Dhauli,15:43,1,3,4
168,Odille Banford,02/03/2022,Wed,Dhauli,15:16,3,4,7
169,Keith Tarney,03/03/2022,Thu,Lingraj,09:00,1,2,3
170,Zachary Evenden,04/03/2022,Fri,Lingraj,09:56,1,2,3
171,Bettina Westpfel,02/03/2022,Wed,Lingraj,11:32,6,1,7
172,Carry Gergher,07/03/2022,Mon,Dhauli,16:56,6,1,7
173,Marsiella Delahunt,07/03/2022,Mon,Lingraj,15:31,4,1,5
174,Anett Bearfoot,07/03/2022,Mon,Dhauli,15:34,3,2,5
175,Davie Littlecote,07/03/2022,Mon,Dhauli,14:21,1,3,4
176,Leia Hauch,07/03/2022,Mon,Nandankanan,10:34,4,3,7
177,Marje Feldbau,03/03/2022,Thu,Nandankanan,10:07,2,2,4
178,Harwilll Jiras,05/03/2022,Sat,Dhauli,10:47,1,4,5
179,Webster Leghorn,03/03/2022,Thu,Lingraj,09:42,1,1,2
180,Ilise Kobsch,02/03/2022,Wed,Lingraj,16:24,2,4,6
181,Dayna D'Antonio,04/03/2022,Fri,Dhauli,11:38,4,4,8
182,Daffie Deighton,04/03/2022,Fri,Nandankanan,09:30,1,3,4
183,Kerwinn Haddock,05/03/2022,Sat,Nandankanan,11:05,1,1,2
184,Karry Collingdon,02/03/2022,Wed,Lingraj,10:55,4,2,6
185,Clarine Moulster,04/03/2022,Fri,Nandankanan,14:04,5,4,9
186,Ky Wileman,04/03/2022,Fri,Lingraj,09:49,6,4,10
187,Glennis Srutton,01/03/2022,Tue,Lingraj,10:54,5,4,9
188,Audry Gedge,05/03/2022,Sat,Nandankanan,12:24,4,3,7
189,Ashby Frostdicke,02/03/2022,Wed,Lingraj,13:48,6,2,8
190,Jaine Leavens,02/03/2022,Wed,Nandankanan,12:38,5,4,9
191,Fiona Dilnot,01/03/2022,Tue,Dhauli,09:27,4,3,7
192,Eula Pococke,01/03/2022,Tue,Lingraj,14:29,3,2,5
193,Cristen L'Homme,04/03/2022,Fri,Nandankanan,11:34,2,2,4
194,Brinna Franies,05/03/2022,Sat,Lingraj,16:59,4,3,7
195,Sharia Dradey,04/03/2022,Fri,Dhauli,11:24,6,2,8
196,Mariele Hegel,05/03/2022,Sat,Dhauli,10:26,3,4,7
197,Woodie Gerran,06/03/2022,Sun,Dhauli,16:17,6,4,10
198,Corri Mazdon,02/03/2022,Wed,Dhauli,16:00,4,4,8
199,Rosella Erasmus,04/03/2022,Fri,Nandankanan,16:14,1,4,5
200,Rebbecca Burril,06/03/2022,Sun,Lingraj,13:56,1,3,4
201,Corinne Zecchini,04/03/2022,Fri,Lingraj,16:18,1,1,2
202,Osbert Rodear,06/03/2022,Sun,Dhauli,16:51,4,1,5
203,Calli Binder,06/03/2022,Sun,Nandankanan,13:37,6,4,10
204,Morganica Mixworthy,04/03/2022,Fri,Dhauli,11:51,2,2,4
205,Hagen Eads,03/03/2022,Thu,Nandankanan,12:30,6,1,7
206,Evie Daud,02/03/2022,Wed,Lingraj,15:38,3,3,6
207,Fleming Faulconbridge,02/03/2022,Wed,Dhauli,14:37,6,4,10
208,Carlota Symers,01/03/2022,Tue,Dhauli,13:12,5,1,6
209,Ripley Cuthill,05/03/2022,Sat,Dhauli,13:06,2,1,3
210,Keeley Empleton,04/03/2022,Fri,Lingraj,13:34,2,2,4
211,Claire Wooff,06/03/2022,Sun,Lingraj,13:36,2,2,4
212,Pail O'Fogerty,01/03/2022,Tue,Dhauli,11:28,6,1,7
213,Dimitri Ruppertz,04/03/2022,Fri,Dhauli,16:16,2,4,6
214,Olenolin Armer,04/03/2022,Fri,Lingraj,16:13,5,1,6
215,Jordan Ollive,03/03/2022,Thu,Lingraj,16:51,5,2,7
216,Joey Sommerled,07/03/2022,Mon,Lingraj,15:45,6,3,9
217,Henryetta Russan,03/03/2022,Thu,Dhauli,13:18,5,2,7
218,Ansell Bresman,06/03/2022,Sun,Nandankanan,15:47,4,2,6
219,Irena Jiggens,03/03/2022,Thu,Dhauli,15:57,5,4,9
220,Darya Sanpher,04/03/2022,Fri,Dhauli,12:47,5,2,7
221,Frannie Sarfass,07/03/2022,Mon,Nandankanan,09:54,4,3,7
222,Fredelia End,03/03/2022,Thu,Lingraj,11:52,2,4,6
223,Madlen Fishwick,02/03/2022,Wed,Lingraj,12:08,1,1,2
224,Christos Fenning,05/03/2022,Sat,Lingraj,15:37,2,2,4
225,Bibbye Bercevelo,06/03/2022,Sun,Dhauli,15:27,1,3,4
226,Sue Tarplee,04/03/2022,Fri,Lingraj,12:14,2,4,6
227,Matty De Bellis,05/03/2022,Sat,Dhauli,16:29,6,3,9
228,Fayina Mizzen,01/03/2022,Tue,Dhauli,14:28,5,2,7
229,Ruperta Geldeard,02/03/2022,Wed,Nandankanan,14:13,5,2,7
230,Candida Van Der Hoog,04/03/2022,Fri,Nandankanan,09:08,5,4,9
231,Jsandye Merrigan,07/03/2022,Mon,Lingraj,12:43,2,1,3
232,Rosalynd Nyssens,01/03/2022,Tue,Nandankanan,15:16,4,3,7
233,Ardys Broadbear,04/03/2022,Fri,Nandankanan,09:04,2,2,4
234,Lethia Biddlestone,01/03/2022,Tue,Nandankanan,09:44,2,1,3
235,Justinn Hawkslee,04/03/2022,Fri,Lingraj,10:37,1,4,5
236,Marcello O'Loughnan,01/03/2022,Tue,Dhauli,14:21,2,1,3
237,Basilius Perri,04/03/2022,Fri,Lingraj,10:37,5,2,7
238,Marita Reddan,04/03/2022,Fri,Dhauli,09:12,5,2,7
239,Jose Butters,03/03/2022,Thu,Nandankanan,15:59,4,1,5
240,Valentia Summerell,01/03/2022,Tue,Nandankanan,11:11,4,4,8
241,Celene Santello,06/03/2022,Sun,Dhauli,11:17,4,3,7
242,Hayyim Doidge,02/03/2022,Wed,Nandankanan,12:41,5,2,7
243,Purcell McCory,07/03/2022,Mon,Dhauli,14:50,6,1,7
244,Adam Collecott,07/03/2022,Mon,Lingraj,11:56,2,3,5
245,Noelani Creaven,05/03/2022,Sat,Lingraj,15:10,3,1,4
246,Wakefield Pinnijar,03/03/2022,Thu,Nandankanan,13:34,2,3,5
247,Boonie Saldler,04/03/2022,Fri,Dhauli,16:12,4,3,7
248,Eveline Malecky,06/03/2022,Sun,Lingraj,10:51,6,3,9
249,Doti Brownhall,05/03/2022,Sat,Dhauli,09:22,1,3,4
250,Erich Eslemont,07/03/2022,Mon,Dhauli,15:39,2,2,4
251,Saunderson Danby,04/03/2022,Fri,Dhauli,13:25,3,4,7
252,Morganne Conerding,02/03/2022,Wed,Lingraj,09:15,1,2,3
253,Rollins Jacson,04/03/2022,Fri,Nandankanan,10:44,6,4,10
254,Pasquale Noye,07/03/2022,Mon,Nandankanan,11:31,5,4,9
255,Brita Okenden,04/03/2022,Fri,Dhauli,12:34,1,3,4
256,Willamina Bocking,04/03/2022,Fri,Nandankanan,14:00,2,3,5
257,Cherilynn Pilsbury,06/03/2022,Sun,Nandankanan,09:25,5,1,6
258,Thea Hebson,05/03/2022,Sat,Lingraj,09:45,5,1,6
259,Zachary Rosling,03/03/2022,Thu,Dhauli,11:18,3,1,4
260,Debora Lalor,05/03/2022,Sat,Nandankanan,12:38,1,2,3
261,Hildagard Dyzart,01/03/2022,Tue,Lingraj,10:08,3,3,6
262,Ara Duffrie,03/03/2022,Thu,Lingraj,14:26,1,3,4
263,Harvey Hallad,02/03/2022,Wed,Dhauli,15:58,1,1,2
264,Cymbre Camellini,07/03/2022,Mon,Dhauli,14:29,1,4,5
265,Lebbie Kimbrey,02/03/2022,Wed,Dhauli,15:49,6,3,9
266,Bartholemy Clissold,04/03/2022,Fri,Lingraj,11:12,2,2,4
267,Lyndsey Vel,05/03/2022,Sat,Dhauli,14:02,6,2,8
268,Corilla Lowde,06/03/2022,Sun,Dhauli,11:20,1,3,4
269,Montague Stanyan,06/03/2022,Sun,Dhauli,12:52,1,3,4
270,Olivia Linfield,04/03/2022,Fri,Nandankanan,09:22,4,1,5
271,Adara Shewsmith,03/03/2022,Thu,Dhauli,10:07,5,2,7
272,Radcliffe Mewes,05/03/2022,Sat,Nandankanan,16:51,6,3,9
273,Darrell Pinilla,05/03/2022,Sat,Dhauli,15:48,6,4,10
274,Shirlee Pimblotte,03/03/2022,Thu,Lingraj,11:09,5,1,6
275,Lilli Boyall,02/03/2022,Wed,Nandankanan,13:36,5,3,8
276,Weylin Pietri,07/03/2022,Mon,Lingraj,12:35,1,1,2
277,Adriena Roark,06/03/2022,Sun,Lingraj,15:32,3,3,6
278,Wolfgang Pirrey,03/03/2022,Thu,Lingraj,09:31,1,3,4
279,Audie Guiver,03/03/2022,Thu,Lingraj,13:53,2,4,6
280,Pauly Weathey,02/03/2022,Wed,Nandankanan,14:54,6,3,9
281,Danice Broker,03/03/2022,Thu,Dhauli,13:30,1,1,2
282,Petronella Presnall,05/03/2022,Sat,Dhauli,16:40,4,2,6
283,Audra Ive,01/03/2022,Tue,Lingraj,14:05,4,2,6
284,Tuesday Coaten,07/03/2022,Mon,Lingraj,15:02,5,3,8
285,Blinny Bengall,06/03/2022,Sun,Nandankanan,16:29,1,3,4
286,Debi Beddon,01/03/2022,Tue,Dhauli,14:03,4,4,8
287,Kylen Borrows,04/03/2022,Fri,Dhauli,09:54,3,1,4
288,Reagen Haugen,01/03/2022,Tue,Dhauli,13:44,3,4,7
289,Biddie Giacoppo,04/03/2022,Fri,Dhauli,12:40,3,1,4
290,Harbert Bendell,01/03/2022,Tue,Dhauli,11:34,2,4,6
291,Aubrey Gascoyen,03/03/2022,Thu,Nandankanan,13:49,5,2,7
292,Tonie Nutty,07/03/2022,Mon,Nandankanan,14:11,6,2,8
293,Courtney Tomasian,05/03/2022,Sat,Nandankanan,09:03,1,1,2
294,Chelsie Leuren,02/03/2022,Wed,Dhauli,14:32,1,3,4
295,Mayne Stritton,07/03/2022,Mon,Lingraj,11:39,5,1,6
296,Jessica Greenroad,02/03/2022,Wed,Nandankanan,14:12,3,1,4
297,Clary Barnhill,05/03/2022,Sat,Lingraj,13:25,1,1,2
298,Jordanna Eede,05/03/2022,Sat,Nandankanan,16:44,2,1,3
299,Griffith Brodeau,06/03/2022,Sun,Dhauli,10:28,4,4,8
300,Baron Oldnall,07/03/2022,Mon,Lingraj,14:28,5,3,8
301,Emmit Sigsworth,07/03/2022,Mon,Lingraj,11:08,6,3,9
302,Jarrid Willimott,01/03/2022,Tue,Nandankanan,13:51,2,4,6
303,Ole Feyer,06/03/2022,Sun,Lingraj,16:20,1,4,5
304,Bren Berrycloth,05/03/2022,Sat,Nandankanan,15:49,6,1,7
305,Ede Insko,07/03/2022,Mon,Dhauli,09:12,4,2,6
306,Lilas Aubin,04/03/2022,Fri,Dhauli,11:06,5,4,9
307,Raleigh Allridge,01/03/2022,Tue,Lingraj,14:21,4,4,8
308,Roldan Hamsson,01/03/2022,Tue,Lingraj,10:36,5,2,7
309,Verna Daice,05/03/2022,Sat,Nandankanan,15:31,1,1,2
310,Mile Swainson,04/03/2022,Fri,Dhauli,12:14,1,1,2
311,Keeley Rushworth,06/03/2022,Sun,Nandankanan,15:04,2,2,4
312,Gina Demangeot,06/03/2022,Sun,Nandankanan,15:51,5,3,8
313,Shirley Rudolph,02/03/2022,Wed,Dhauli,14:06,3,3,6
314,Mill Drane,01/03/2022,Tue,Nandankanan,15:48,5,1,6
315,Annemarie Dixey,02/03/2022,Wed,Lingraj,14:02,4,3,7
316,Antonina Bathersby,02/03/2022,Wed,Nandankanan,09:34,5,4,9
317,Cassie Goulter,05/03/2022,Sat,Lingraj,12:44,3,1,4
318,Trudy Spowart,03/03/2022,Thu,Nandankanan,11:09,3,4,7
319,Solly Gonthier,06/03/2022,Sun,Lingraj,15:05,2,1,3
320,Preston Faint,01/03/2022,Tue,Lingraj,11:34,1,1,2
321,Allyn Langfat,03/03/2022,Thu,Nandankanan,10:09,5,3,8
322,Durant Bockmaster,02/03/2022,Wed,Nandankanan,13:18,4,1,5
323,Christoffer Mandeville,04/03/2022,Fri,Lingraj,10:24,4,2,6
324,Sheilakathryn Wishkar,03/03/2022,Thu,Dhauli,11:32,2,2,4
325,Marcelo Clague,04/03/2022,Fri,Nandankanan,09:41,2,3,5
326,Wolfie Scutt,02/03/2022,Wed,Dhauli,15:41,4,4,8
327,Nikki Strelitzer,04/03/2022,Fri,Nandankanan,16:35,2,2,4
328,Maiga MacCaffery,07/03/2022,Mon,Nandankanan,11:16,2,1,3
329,Jenine Benoiton,03/03/2022,Thu,Nandankanan,10:52,6,4,10
330,Carri Cushion,04/03/2022,Fri,Lingraj,10:21,5,2,7
331,Moses Roback,06/03/2022,Sun,Nandankanan,13:03,3,4,7
332,Eduardo Cocozza,07/03/2022,Mon,Nandankanan,16:04,2,3,5
333,Merrill Thorbon,01/03/2022,Tue,Lingraj,13:00,6,1,7
334,Hillery Gomersall,05/03/2022,Sat,Dhauli,11:59,3,1,4
335,Celie Brosh,01/03/2022,Tue,Dhauli,15:54,1,3,4
336,Meade Whipple,03/03/2022,Thu,Lingraj,11:10,3,3,6
337,Sigfried Ridding,07/03/2022,Mon,Nandankanan,11:11,2,4,6
338,Dyana Sarath,05/03/2022,Sat,Lingraj,16:18,2,4,6
339,Curcio Aggett,03/03/2022,Thu,Dhauli,09:53,6,2,8
340,Jessamine Malpas,05/03/2022,Sat,Dhauli,09:13,3,4,7
341,Sargent Taborre,01/03/2022,Tue,Lingraj,11:41,1,1,2
342,Crissy Purcer,06/03/2022,Sun,Lingraj,12:16,3,1,4
343,Aubrey MacDearmid,02/03/2022,Wed,Dhauli,15:56,4,3,7
344,Vania Duckering,04/03/2022,Fri,Lingraj,10:39,2,3,5
345,Guthry Goggey,04/03/2022,Fri,Lingraj,09:30,1,3,4
346,Alma Gabbat,07/03/2022,Mon,Nandankanan,09:39,4,4,8
347,Edik Pennino,06/03/2022,Sun,Nandankanan,12:47,1,4,5
348,Jessamyn Pauluzzi,03/03/2022,Thu,Dhauli,14:06,4,4,8
349,Glad MacGeaney,04/03/2022,Fri,Nandankanan,12:22,2,4,6
350,Evy Burkert,06/03/2022,Sun,Dhauli,11:56,6,2,8
351,Christian Jilliss,05/03/2022,Sat,Dhauli,10:48,4,1,5
352,Naomi Quiddihy,02/03/2022,Wed,Dhauli,12:15,3,2,5
353,Carol Baines,04/03/2022,Fri,Dhauli,14:30,2,3,5
354,Caralie Steinhammer,02/03/2022,Wed,Lingraj,15:13,2,2,4
355,Bogey Wesley,04/03/2022,Fri,Lingraj,15:07,2,4,6
356,Steven Birkenshaw,01/03/2022,Tue,Dhauli,13:36,2,4,6
357,Shalne Rigeby,05/03/2022,Sat,Nandankanan,13:12,3,2,5
358,Angil Coles,05/03/2022,Sat,Nandankanan,09:39,3,4,7
359,Tani Blankett,06/03/2022,Sun,Nandankanan,11:26,6,3,9
360,Kaile Polino,02/03/2022,Wed,Lingraj,15:12,5,2,7
361,Pablo Bette,02/03/2022,Wed,Nandankanan,12:58,3,1,4
362,Berke McCloughen,07/03/2022,Mon,Dhauli,10:14,2,2,4
363,Iggy Brimilcombe,04/03/2022,Fri,Dhauli,12:56,4,3,7
364,Selma Cooksley,05/03/2022,Sat,Dhauli,12:41,1,3,4
365,Berty Lourens,05/03/2022,Sat,Nandankanan,11:56,3,3,6
366,Elsi Goldup,06/03/2022,Sun,Lingraj,10:00,6,1,7
367,Nanine Roxbee,05/03/2022,Sat,Nandankanan,15:22,5,3,8
368,Carleton Goreway,03/03/2022,Thu,Dhauli,15:17,1,1,2
369,Patten Rodell,03/03/2022,Thu,Nandankanan,14:19,6,4,10
370,Rabi Slinger,01/03/2022,Tue,Nandankanan,09:11,2,4,6
371,Claudian Brash,02/03/2022,Wed,Lingraj,14:24,5,4,9
372,Sarita Hendricks,02/03/2022,Wed,Lingraj,11:59,6,1,7
373,Baldwin Pinson,04/03/2022,Fri,Dhauli,15:23,6,1,7
374,Rosalinde Poleye,01/03/2022,Tue,Nandankanan,16:17,4,4,8
375,Bevan Fantin,01/03/2022,Tue,Dhauli,13:58,1,2,3
376,Bryant Akers,06/03/2022,Sun,Nandankanan,11:18,1,2,3
377,Hatti Lindbergh,06/03/2022,Sun,Dhauli,12:09,1,4,5
378,Jonathon Satford,06/03/2022,Sun,Dhauli,12:44,2,4,6
379,Maryanne Aymes,04/03/2022,Fri,Nandankanan,10:32,4,1,5
380,Giuseppe Gayter,06/03/2022,Sun,Nandankanan,10:47,2,1,3
381,Fleur Lovemore,05/03/2022,Sat,Nandankanan,15:37,4,4,8
382,Reinaldos Colling,07/03/2022,Mon,Lingraj,12:47,3,3,6
383,Desdemona Kayser,07/03/2022,Mon,Nandankanan,12:26,3,1,4
384,Holden Rendbaek,02/03/2022,Wed,Lingraj,13:21,5,1,6
385,Norry Penright,01/03/2022,Tue,Lingraj,11:10,4,2,6
386,Minerva Tezure,02/03/2022,Wed,Lingraj,15:23,4,3,7
387,Margarita Leyson,02/03/2022,Wed,Lingraj,15:05,3,2,5
388,Andonis Summerly,02/03/2022,Wed,Nandankanan,16:54,5,1,6
389,Amity Flacke,04/03/2022,Fri,Dhauli,12:49,4,4,8
390,Celestina Blevin,06/03/2022,Sun,Lingraj,13:16,2,3,5
391,Farah Smittoune,06/03/2022,Sun,Dhauli,15:18,4,3,7
392,Anthiathia Nitto,02/03/2022,Wed,Lingraj,14:47,1,3,4
393,Gallard Lippatt,02/03/2022,Wed,Dhauli,15:10,2,2,4
394,Elysee Jados,07/03/2022,Mon,Lingraj,12:14,2,2,4
395,Thornie Gutierrez,05/03/2022,Sat,Lingraj,16:26,2,3,5
396,Raymond Hetterich,07/03/2022,Mon,Nandankanan,14:54,3,4,7
397,Gregoire Lutwidge,05/03/2022,Sat,Lingraj,14:00,6,3,9
398,Wally Gammett,02/03/2022,Wed,Dhauli,14:08,1,1,2
399,Minnie Aykroyd,03/03/2022,Thu,Dhauli,12:17,5,1,6
400,Allyn Brodnecke,03/03/2022,Thu,Nandankanan,13:31,3,2,5