id,Name,Date,Timestamp,Place,In Time,Total
1,Syd Shattock,17-03-22,Thu,Jantar Mantar,11:27,4
2,Earle Axel,08-03-22,Tue,Safdarjung Tomb,09:33,5
3,Berne Shillaber,09-03-22,Wed,Humayuns Tomb,12:46,9
4,Biddy Cammidge,10-03-22,Thu,Safdarjung Tomb,12:43,7
5,Klaus Tilly,12-03-22,Sat,Qutub Minar,12:23,9
6,Elwyn Vanyukhin,24-03-22,Thu,Qutub Minar,15:34,4
7,Obadiah Stoddard,17-03-22,Thu,Qutub Minar,12:11,7
8,Ole De Roberto,20-03-22,Sun,Safdarjung Tomb,09:18,9
9,Shanon Ethelstone,13-03-22,Sun,Qutub Minar,10:26,5
10,Beatrix Marking,21-03-22,Mon,Safdarjung Tomb,11:46,1
11,Jeri Lawerence,20-03-22,Sun,Humayuns Tomb,10:47,1
12,Thibaud Whybray,16-03-22,Wed,Humayuns Tomb,16:39,8
13,Emmie McCrillis,13-03-22,Sun,Akshardham Temple,11:39,6
14,Fabio Jendas,06-03-22,Sun,Safdarjung Tomb,10:20,3
15,Huntlee Bowcher,01-03-22,Tue,Safdarjung Tomb,11:00,10
16,Jacinta Beardsworth,24-03-22,Thu,Prurana Qila,09:54,9
17,Stafani Dargan,07-03-22,Mon,Akshardham Temple,11:03,10
18,Dell Pinches,01-03-22,Tue,Akshardham Temple,13:23,3
19,Yovonnda Wreath,16-03-22,Wed,Akshardham Temple,16:26,7
20,Katharyn Svanini,11-03-22,Fri,Jantar Mantar,15:59,9
21,Olimpia Yakubovich,01-03-22,Tue,Red Fort,16:49,2
22,Lurette Tickner,24-03-22,Thu,Safdarjung Tomb,14:06,8
23,Karly Beetlestone,09-03-22,Wed,Akshardham Temple,09:28,3
24,Carmon Kinningley,15-03-22,Tue,Qutub Minar,12:26,8
25,Gay Goodram,15-03-22,Tue,Akshardham Temple,09:36,3
26,Ephraim Gilstin,18-03-22,Fri,Red Fort,10:33,8
27,Egbert Fellows,02-03-22,Wed,Humayuns Tomb,13:47,4
28,Susy Walas,08-03-22,Tue,Safdarjung Tomb,15:45,3
29,Mortimer Meakin,20-03-22,Sun,Qutub Minar,16:43,9
30,Roseline Laste,19-03-22,Sat,Akshardham Temple,16:59,9
31,Maryl Mindenhall,10-03-22,Thu,Jantar Mantar,12:17,10
32,Carmela Girdler,12-03-22,Sat,Qutub Minar,11:07,5
33,Gustave Bradbrook,04-03-22,Fri,Safdarjung Tomb,09:23,10
34,Eleanore Carp,19-03-22,Sat,Akshardham Temple,15:13,7
35,Madelon Ghest,24-03-22,Thu,Red Fort,10:27,7
36,Carilyn Casol,04-03-22,Fri,Prurana Qila,09:22,8
37,Jocelin Koppens,11-03-22,Fri,Red Fort,10:17,2
38,Thacher Haton,01-03-22,Tue,Jantar Mantar,12:49,2
39,Malynda Bearns,08-03-22,Tue,Akshardham Temple,10:22,3
40,Kenneth Lund,18-03-22,Fri,Safdarjung Tomb,09:48,9
41,Verine MacDermand,04-03-22,Fri,Red Fort,11:43,2
42,Remus Whittlesea,19-03-22,Sat,Safdarjung Tomb,09:29,3
43,Paulie Rosenbarg,14-03-22,Mon,Humayuns Tomb,12:45,6
44,Izzy Martensen,16-03-22,Wed,Akshardham Temple,10:55,10
45,Adora Rodgerson,23-03-22,Wed,Qutub Minar,09:58,3
46,Benson McAlindon,17-03-22,Thu,Akshardham Temple,12:58,1
47,Eugenie Truss,21-03-22,Mon,Jantar Mantar,12:44,5
48,Jeanna Weldrake,05-03-22,Sat,Red Fort,16:09,3
49,Frederick Bicknell,18-03-22,Fri,Humayuns Tomb,15:47,8
50,Annnora Pattie,24-03-22,Thu,Qutub Minar,10:51,1
51,Sanderson Chant,13-03-22,Sun,Jantar Mantar,13:50,6
52,Darleen Radborne,06-03-22,Sun,Humayuns Tomb,16:45,7
53,Fawnia Weald,11-03-22,Fri,Red Fort,14:21,3
54,Olga Pikett,04-03-22,Fri,Prurana Qila,13:03,7
55,Hilly Vanichkov,14-03-22,Mon,Jantar Mantar,10:15,8
56,Nadya Kencott,02-03-22,Wed,Prurana Qila,15:31,3
57,Valle Hawton,13-03-22,Sun,Qutub Minar,15:31,8
58,Collen Muris,10-03-22,Thu,Red Fort,10:47,1
59,Murry Dickie,17-03-22,Thu,Humayuns Tomb,10:55,9
60,Roxana Esseby,17-03-22,Thu,Red Fort,11:07,10
61,Aldo Stitch,13-03-22,Sun,Humayuns Tomb,16:27,1
62,Roosevelt Aspinell,24-03-22,Thu,Humayuns Tomb,14:42,10
63,Edgard Scotson,15-03-22,Tue,Akshardham Temple,16:47,7
64,Nancey Devereux,15-03-22,Tue,Jantar Mantar,11:41,5
65,Mathew Haddy,18-03-22,Fri,Jantar Mantar,14:10,10
66,Marris Bridie,02-03-22,Wed,Qutub Minar,12:30,2
67,Hilliard Mordanti,03-03-22,Thu,Jantar Mantar,11:39,5
68,Fina Catt,09-03-22,Wed,Humayuns Tomb,14:39,2
69,Court Braven,01-03-22,Tue,Red Fort,10:06,6
70,Rhody Berrie,10-03-22,Thu,Jantar Mantar,16:20,2
71,Caitlin Simononsky,01-03-22,Tue,Safdarjung Tomb,11:48,5
72,Ev Pavlenko,20-03-22,Sun,Safdarjung Tomb,13:10,3
73,Kory Bendtsen,04-03-22,Fri,Jantar Mantar,09:05,9
74,Judas Cuckson,21-03-22,Mon,Red Fort,09:31,9
75,Marleah Gentreau,02-03-22,Wed,Humayuns Tomb,10:43,7
76,Allin Rove,19-03-22,Sat,Prurana Qila,13:28,7
77,Mellicent Stedson,04-03-22,Fri,Red Fort,15:07,9
78,Jo Brooking,18-03-22,Fri,Red Fort,10:29,3
79,Christean Mepham,03-03-22,Thu,Red Fort,09:15,4
80,Britney Twelves,03-03-22,Thu,Qutub Minar,10:36,6
81,Bartel Martinovic,20-03-22,Sun,Humayuns Tomb,11:23,10
82,Charlie Iorillo,12-03-22,Sat,Red Fort,12:31,5
83,Niki Mecchi,12-03-22,Sat,Humayuns Tomb,15:05,5
84,Gare Jarrelt,01-03-22,Tue,Jantar Mantar,13:01,1
85,Bonnibelle Anderbrugge,12-03-22,Sat,Qutub Minar,10:11,1
86,Roarke Well,06-03-22,Sun,Prurana Qila,09:39,4
87,Ernestus McGaugan,17-03-22,Thu,Prurana Qila,16:05,5
88,Chrysler Village,20-03-22,Sun,Prurana Qila,11:42,1
89,Halette Scalia,09-03-22,Wed,Jantar Mantar,09:35,8
90,Sybyl Rue,13-03-22,Sun,Red Fort,13:25,10
91,Lannie Bonhome,22-03-22,Tue,Red Fort,11:40,10
92,Minnaminnie Rockhill,21-03-22,Mon,Safdarjung Tomb,13:41,10
93,Hadria Middler,16-03-22,Wed,Qutub Minar,10:35,8
94,Sharlene Paulton,02-03-22,Wed,Jantar Mantar,12:41,10
95,Oralia Stuttard,05-03-22,Sat,Humayuns Tomb,09:39,4
96,Carline Lissandri,05-03-22,Sat,Red Fort,12:29,3
97,Feliks Kissack,03-03-22,Thu,Qutub Minar,12:59,3
98,Welsh Tixier,03-03-22,Thu,Safdarjung Tomb,09:46,5
99,Trudy Beckenham,08-03-22,Tue,Prurana Qila,11:07,2
100,Berenice Adamthwaite,11-03-22,Fri,Humayuns Tomb,16:56,10
101,Shepherd Rivett,01-03-22,Tue,Red Fort,16:51,9
102,Gregorius Simnell,08-03-22,Tue,Prurana Qila,12:49,2
103,Windham McOwen,11-03-22,Fri,Safdarjung Tomb,15:09,5
104,Benjie Topping,15-03-22,Tue,Akshardham Temple,10:07,2
105,Raynard Drewes,14-03-22,Mon,Humayuns Tomb,10:18,8
106,Charleen Barnsdall,10-03-22,Thu,Qutub Minar,15:29,7
107,Andee Hollibone,16-03-22,Wed,Qutub Minar,15:18,9
108,Dean Jagiello,18-03-22,Fri,Prurana Qila,09:20,8
109,Jerry Widdup,22-03-22,Tue,Prurana Qila,09:42,3
110,Eba Coots,20-03-22,Sun,Qutub Minar,10:18,4
111,Leisha Ambrozewicz,03-03-22,Thu,Red Fort,13:09,7
112,Jeffie Vicent,07-03-22,Mon,Qutub Minar,11:07,9
113,Linet Pepye,09-03-22,Wed,Humayuns Tomb,12:18,2
114,Con Wilshire,03-03-22,Thu,Akshardham Temple,12:08,5
115,Finley Rediers,05-03-22,Sat,Red Fort,15:23,2
116,Trix Barrett,21-03-22,Mon,Qutub Minar,10:40,5
117,Elmira Caillou,19-03-22,Sat,Prurana Qila,13:53,1
118,Emyle Beauchop,19-03-22,Sat,Jantar Mantar,09:59,10
119,Chrysler Dannohl,08-03-22,Tue,Humayuns Tomb,14:41,4
120,Abbey Nicklen,20-03-22,Sun,Humayuns Tomb,12:44,4
121,Gabby Vickarman,16-03-22,Wed,Jantar Mantar,15:17,6
122,Donny Cleare,13-03-22,Sun,Safdarjung Tomb,14:03,5
123,Lorilyn Shoute,18-03-22,Fri,Akshardham Temple,12:48,1
124,Leigh Varty,22-03-22,Tue,Safdarjung Tomb,10:19,6
125,Deck Harle,01-03-22,Tue,Prurana Qila,11:37,3
126,Griffie Bearfoot,16-03-22,Wed,Humayuns Tomb,09:33,7
127,Chiquia Alennikov,18-03-22,Fri,Jantar Mantar,16:30,9
128,Demetre Ough,07-03-22,Mon,Qutub Minar,13:22,8
129,Morganne Knapton,08-03-22,Tue,Humayuns Tomb,12:54,2
130,Fran Mayger,22-03-22,Tue,Akshardham Temple,13:32,3
131,Aaron Jackett,12-03-22,Sat,Safdarjung Tomb,16:22,2
132,Mabelle Heiss,19-03-22,Sat,Akshardham Temple,10:36,10
133,Atlante Rosone,13-03-22,Sun,Red Fort,15:20,3
134,Noami Ciccotto,18-03-22,Fri,Qutub Minar,14:18,10
135,Yvor Marran,11-03-22,Fri,Red Fort,15:03,7
136,Stephi Peddowe,01-03-22,Tue,Akshardham Temple,13:53,9
137,Nonnah Lysaght,08-03-22,Tue,Qutub Minar,09:52,7
138,Gisella Tisun,22-03-22,Tue,Akshardham Temple,16:48,3
139,Sharline McConnachie,05-03-22,Sat,Qutub Minar,12:24,1
140,Jackie Perkin,16-03-22,Wed,Jantar Mantar,11:12,3
141,Jodie Dowty,10-03-22,Thu,Humayuns Tomb,12:11,7
142,Payton Crasford,04-03-22,Fri,Red Fort,12:51,5
143,Tomasina Brunroth,09-03-22,Wed,Red Fort,11:30,10
144,Price Gun,09-03-22,Wed,Humayuns Tomb,13:30,8
145,Saxon Olivet,12-03-22,Sat,Humayuns Tomb,11:39,4
146,Alene Cleaveland,03-03-22,Thu,Jantar Mantar,12:53,10
147,Janina Comusso,20-03-22,Sun,Jantar Mantar,12:32,8
148,Giustina Gooddy,04-03-22,Fri,Jantar Mantar,15:47,10
149,Ellery Drepp,05-03-22,Sat,Akshardham Temple,09:26,9
150,Darsie Boecke,08-03-22,Tue,Humayuns Tomb,15:28,10
151,Roman Laurentin,18-03-22,Fri,Prurana Qila,12:32,3
152,Lin McDonald,17-03-22,Thu,Red Fort,15:47,1
153,Wilhelmina Ebben,21-03-22,Mon,Red Fort,12:53,7
154,Tiff Escale,20-03-22,Sun,Prurana Qila,12:31,8
155,Carena Luis,13-03-22,Sun,Akshardham Temple,14:42,2
156,Kenon McNern,02-03-22,Wed,Humayuns Tomb,16:33,6
157,Evy Laurie,24-03-22,Thu,Prurana Qila,14:46,1
158,Rosabel Roome,02-03-22,Wed,Qutub Minar,12:17,7
159,Giana Manuel,15-03-22,Tue,Red Fort,10:10,9
160,Sky Oakenford,22-03-22,Tue,Humayuns Tomb,13:40,7
161,Ryan Grammer,07-03-22,Mon,Akshardham Temple,15:03,10
162,Lotti Madgewick,15-03-22,Tue,Akshardham Temple,15:35,7
163,Cristy Dei,19-03-22,Sat,Akshardham Temple,11:01,9
164,Derrik Tidder,07-03-22,Mon,Akshardham Temple,09:33,1
165,Debby Farrar,10-03-22,Thu,Red Fort,16:56,8
166,Jess Valiant,04-03-22,Fri,Akshardham Temple,14:44,10
167,Jeramey Hanmer,14-03-22,Mon,Jantar Mantar,12:15,1
168,Minnaminnie Gwalter,20-03-22,Sun,Safdarjung Tomb,09:23,6
169,Malchy Vasyutin,17-03-22,Thu,Red Fort,10:45,5
170,Deeyn Witcombe,16-03-22,Wed,Safdarjung Tomb,15:05,6
171,Ann Greensted,16-03-22,Wed,Red Fort,09:09,8
172,Pasquale de la Tremoille,15-03-22,Tue,Qutub Minar,15:49,2
173,Layla Friedank,19-03-22,Sat,Prurana Qila,12:31,1
174,Toinette Spensley,20-03-22,Sun,Qutub Minar,14:51,10
175,Nikki Pevsner,05-03-22,Sat,Akshardham Temple,14:42,1
176,Sofia Scotfurth,14-03-22,Mon,Safdarjung Tomb,16:39,4
177,Raquela Mephan,06-03-22,Sun,Safdarjung Tomb,14:31,4
178,Jereme Farndon,18-03-22,Fri,Prurana Qila,14:30,10
179,Becki Davidavidovics,16-03-22,Wed,Humayuns Tomb,09:19,9
180,Rhea Goathrop,10-03-22,Thu,Qutub Minar,11:58,9
181,Mohandis Grissett,20-03-22,Sun,Qutub Minar,10:37,3
182,Auberon Durn,07-03-22,Mon,Safdarjung Tomb,13:52,2
183,Burg Boothby,02-03-22,Wed,Red Fort,10:58,2
184,Marquita Casier,22-03-22,Tue,Jantar Mantar,13:28,7
185,Rhianon Werndley,06-03-22,Sun,Akshardham Temple,10:53,3
186,Maribeth Treacher,16-03-22,Wed,Prurana Qila,14:18,8
187,Valina Howen,04-03-22,Fri,Humayuns Tomb,09:41,10
188,Gipsy Labbe,20-03-22,Sun,Jantar Mantar,15:45,8
189,Pembroke Grimmert,22-03-22,Tue,Safdarjung Tomb,09:31,5
190,Yalonda Waszczykowski,10-03-22,Thu,Prurana Qila,10:19,5
191,Kelvin Burel,05-03-22,Sat,Prurana Qila,16:18,4
192,Efren Burnel,06-03-22,Sun,Akshardham Temple,13:36,5
193,Belle Sertin,12-03-22,Sat,Akshardham Temple,15:01,8
194,Fraser Pountney,22-03-22,Tue,Humayuns Tomb,10:06,6
195,Orrin Muge,16-03-22,Wed,Safdarjung Tomb,11:16,4
196,Pollyanna MacAdam,13-03-22,Sun,Humayuns Tomb,12:39,6
197,Min Arpin,13-03-22,Sun,Red Fort,16:48,9
198,Serene Bonehill,23-03-22,Wed,Safdarjung Tomb,11:43,6
199,Sheff Pates,23-03-22,Wed,Qutub Minar,16:51,2
200,Mose Pays,05-03-22,Sat,Humayuns Tomb,10:19,2
201,Ashby Noirel,19-03-22,Sat,Jantar Mantar,09:34,3
202,Timotheus Dolling,09-03-22,Wed,Safdarjung Tomb,11:05,3
203,Allina Sutehall,10-03-22,Thu,Qutub Minar,15:06,9
204,Evelin Yersin,12-03-22,Sat,Qutub Minar,15:25,4
205,Dougy Baunton,13-03-22,Sun,Prurana Qila,16:45,7
206,Brion Shillitto,06-03-22,Sun,Red Fort,16:12,5
207,Malvina Colegrove,20-03-22,Sun,Akshardham Temple,11:11,6
208,Adolf Bartholin,08-03-22,Tue,Safdarjung Tomb,11:14,2
209,Gavrielle Claibourn,15-03-22,Tue,Prurana Qila,14:50,8
210,Norean O'Keenan,22-03-22,Tue,Humayuns Tomb,09:37,6
211,Malinda Seifenmacher,08-03-22,Tue,Humayuns Tomb,10:00,8
212,Ronni Bailess,03-03-22,Thu,Jantar Mantar,09:15,8
213,Keir Bavin,16-03-22,Wed,Prurana Qila,14:20,4
214,Esdras Wake,19-03-22,Sat,Jantar Mantar,12:22,7
215,Jacquie Dyde,06-03-22,Sun,Prurana Qila,15:38,3
216,Ansley Blore,06-03-22,Sun,Jantar Mantar,12:55,3
217,Fanya Acres,15-03-22,Tue,Qutub Minar,09:26,8
218,Carolyne Lampe,01-03-22,Tue,Red Fort,13:03,6
219,Malinda MacGillavery,21-03-22,Mon,Humayuns Tomb,12:56,1
220,Eziechiele Lorenzo,02-03-22,Wed,Jantar Mantar,13:35,1
221,Caria Leyland,05-03-22,Sat,Safdarjung Tomb,16:32,9
222,Jolynn Pomfret,03-03-22,Thu,Jantar Mantar,16:09,4
223,Carlee Nell,20-03-22,Sun,Jantar Mantar,12:39,2
224,Clyve McCrackan,14-03-22,Mon,Safdarjung Tomb,12:39,7
225,Ive Brody,08-03-22,Tue,Jantar Mantar,12:07,5
226,Karlen Rohlfs,05-03-22,Sat,Qutub Minar,13:27,2
227,Madelina Le Gall,08-03-22,Tue,Qutub Minar,16:29,6
228,Vic Lerohan,14-03-22,Mon,Jantar Mantar,15:02,1
229,Alison Schieferstein,02-03-22,Wed,Jantar Mantar,13:59,9
230,Vernon Mongeot,23-03-22,Wed,Jantar Mantar,10:02,10
231,Mikkel Fryett,08-03-22,Tue,Prurana Qila,16:29,10
232,Charil Sargood,11-03-22,Fri,Safdarjung Tomb,10:07,10
233,Paulina Hansom,05-03-22,Sat,Red Fort,13:42,6
234,Aimee Fatscher,14-03-22,Mon,Qutub Minar,14:11,7
235,Glori Hlavecek,15-03-22,Tue,Red Fort,12:22,1
236,Clevie Grane,17-03-22,Thu,Akshardham Temple,10:26,8
237,Olly Scole,19-03-22,Sat,Humayuns Tomb,11:54,6
238,Curt Scutts,15-03-22,Tue,Prurana Qila,14:55,2
239,Jessi Wannan,01-03-22,Tue,Qutub Minar,13:04,5
240,Chanda Kiddle,23-03-22,Wed,Jantar Mantar,16:33,4
241,Rem Sirett,14-03-22,Mon,Red Fort,16:12,7
242,Roman MacAskill,10-03-22,Thu,Red Fort,10:59,5
243,Kameko Trevethan,12-03-22,Sat,Jantar Mantar,12:33,5
244,Alexis Leddie,04-03-22,Fri,Red Fort,09:49,7
245,Gusta Keith,12-03-22,Sat,Jantar Mantar,13:37,1
246,Shaylyn Igounet,17-03-22,Thu,Humayuns Tomb,13:35,10
247,Barbee Morfey,12-03-22,Sat,Safdarjung Tomb,12:55,10
248,Connie Colenutt,20-03-22,Sun,Akshardham Temple,16:54,8
249,Lyda Keightley,12-03-22,Sat,Qutub Minar,14:52,2
250,Aldous Arsnell,06-03-22,Sun,Prurana Qila,13:29,3
251,Tucker Graveson,12-03-22,Sat,Akshardham Temple,16:41,9
252,Carlin Burborough,13-03-22,Sun,Safdarjung Tomb,14:04,6
253,Millisent Romao,03-03-22,Thu,Prurana Qila,12:10,1
254,Dulcinea Gault,24-03-22,Thu,Qutub Minar,13:20,5
255,Annaliese Schroeder,08-03-22,Tue,Jantar Mantar,15:58,6
256,Renault Chattell,08-03-22,Tue,Humayuns Tomb,14:08,9
257,Adelheid Showt,20-03-22,Sun,Prurana Qila,10:31,10
258,Hiram Kerswell,23-03-22,Wed,Prurana Qila,11:14,2
259,Valdemar Bassill,11-03-22,Fri,Safdarjung Tomb,16:27,1
260,Natal Ovise,15-03-22,Tue,Akshardham Temple,11:19,2
261,Burg Hanning,05-03-22,Sat,Prurana Qila,10:21,8
262,Monah Cornelis,04-03-22,Fri,Red Fort,12:58,3
263,Phaidra Legonidec,09-03-22,Wed,Jantar Mantar,09:17,7
264,Babs Hansmann,15-03-22,Tue,Qutub Minar,15:11,2
265,Ferd Sawyers,12-03-22,Sat,Akshardham Temple,13:38,4
266,Jania Dudny,10-03-22,Thu,Safdarjung Tomb,13:34,4
267,Malinda Ord,22-03-22,Tue,Jantar Mantar,10:04,8
268,Bernadene Moline,06-03-22,Sun,Jantar Mantar,10:20,2
269,Lacee Hurdwell,14-03-22,Mon,Prurana Qila,15:29,6
270,Panchito Romao,21-03-22,Mon,Safdarjung Tomb,10:57,9
271,Halette Philipot,17-03-22,Thu,Akshardham Temple,15:38,7
272,Julian Larret,14-03-22,Mon,Akshardham Temple,11:35,5
273,Starla Rettie,23-03-22,Wed,Red Fort,10:53,4
274,Davis Nassie,17-03-22,Thu,Humayuns Tomb,09:52,4
275,Aila Bengefield,14-03-22,Mon,Jantar Mantar,12:02,3
276,Woody Milbourne,17-03-22,Thu,Red Fort,13:04,8
277,Sallee Spurr,21-03-22,Mon,Red Fort,11:19,3
278,Aluino O'Hannay,12-03-22,Sat,Humayuns Tomb,12:53,1
279,Ester Ewings,18-03-22,Fri,Akshardham Temple,11:10,8
280,Marillin Sauvain,02-03-22,Wed,Prurana Qila,10:26,7
281,Fanchon Sergeant,22-03-22,Tue,Humayuns Tomb,13:59,6
282,Ramona Merryman,15-03-22,Tue,Jantar Mantar,13:28,3
283,Claudius Spadazzi,10-03-22,Thu,Red Fort,11:04,7
284,Tobe Sallans,17-03-22,Thu,Safdarjung Tomb,13:50,5
285,Chester Esson,07-03-22,Mon,Safdarjung Tomb,10:45,6
286,Sioux Rodrig,18-03-22,Fri,Humayuns Tomb,12:58,3
287,Inglis McNeill,09-03-22,Wed,Safdarjung Tomb,14:38,10
288,Leah Bang,03-03-22,Thu,Red Fort,13:02,3
289,Seymour Lynett,21-03-22,Mon,Prurana Qila,15:45,8
290,Nial Ralling,21-03-22,Mon,Akshardham Temple,15:23,7
291,Tad Monkhouse,14-03-22,Mon,Akshardham Temple,09:14,6
292,Jayme Liven,21-03-22,Mon,Jantar Mantar,12:44,8
293,Meir Recke,23-03-22,Wed,Prurana Qila,11:55,8
294,Flori Withey,03-03-22,Thu,Safdarjung Tomb,15:33,4
295,Hazel Nisard,23-03-22,Wed,Safdarjung Tomb,10:09,10
296,Melodie Riddall,08-03-22,Tue,Akshardham Temple,09:47,6
297,Cleopatra Westnage,01-03-22,Tue,Humayuns Tomb,10:14,6
298,Rosalyn Pessel,05-03-22,Sat,Safdarjung Tomb,13:45,3
299,Gustavo Van den Hof,11-03-22,Fri,Jantar Mantar,13:03,2
300,Lotti Exley,20-03-22,Sun,Red Fort,12:13,6
301,Dorian Mattersley,23-03-22,Wed,Akshardham Temple,13:39,10
302,Justino Pavier,14-03-22,Mon,Akshardham Temple,10:49,4
303,Ewen Samuels,21-03-22,Mon,Qutub Minar,10:21,5
304,Geri Laity,09-03-22,Wed,Qutub Minar,14:48,1
305,Armando Barnwill,01-03-22,Tue,Qutub Minar,09:17,4
306,Dacia Bermingham,18-03-22,Fri,Safdarjung Tomb,11:07,10
307,Lynna Pougher,10-03-22,Thu,Safdarjung Tomb,09:06,4
308,Todd Scandrick,24-03-22,Thu,Safdarjung Tomb,14:10,5
309,Tess Drohun,09-03-22,Wed,Red Fort,09:52,8
310,Shawna Abethell,11-03-22,Fri,Red Fort,13:02,8
311,Darby Lauchlan,07-03-22,Mon,Akshardham Temple,16:25,2
312,Harris Dayer,16-03-22,Wed,Akshardham Temple,11:57,6
313,Salim Treske,12-03-22,Sat,Red Fort,09:18,10
314,Patricia MacKean,16-03-22,Wed,Akshardham Temple,13:03,10
315,Claybourne Greenmon,16-03-22,Wed,Jantar Mantar,09:47,3
316,Blinni Lovel,07-03-22,Mon,Akshardham Temple,09:42,4
317,Sabrina Ashbey,19-03-22,Sat,Qutub Minar,13:51,1
318,Gunner Castleman,12-03-22,Sat,Safdarjung Tomb,09:48,5
319,Elli Bauckham,17-03-22,Thu,Jantar Mantar,13:25,6
320,Gerome Crookshank,11-03-22,Fri,Akshardham Temple,13:41,6
321,Dennison Titterell,08-03-22,Tue,Jantar Mantar,10:55,5
322,Ambur Rego,12-03-22,Sat,Prurana Qila,11:05,4
323,Callie Beurich,09-03-22,Wed,Humayuns Tomb,15:53,6
324,Pierette Rollins,18-03-22,Fri,Red Fort,14:38,2
325,Keri Harold,22-03-22,Tue,Safdarjung Tomb,11:26,6
326,Filmore Ballance,18-03-22,Fri,Safdarjung Tomb,12:16,5
327,Temp Griffithe,12-03-22,Sat,Qutub Minar,16:33,2
328,Brietta Guyonnet,17-03-22,Thu,Humayuns Tomb,12:39,5
329,Sasha Guise,22-03-22,Tue,Red Fort,14:02,6
330,Bogart Stanlock,08-03-22,Tue,Red Fort,16:43,1
331,Joseph Risdall,14-03-22,Mon,Jantar Mantar,13:24,8
332,Sunny Rainforth,17-03-22,Thu,Safdarjung Tomb,16:35,10
333,Sammie Hughf,19-03-22,Sat,Prurana Qila,13:34,5
334,Bord Yankin,24-03-22,Thu,Akshardham Temple,11:12,8
335,Sondra Kopfen,09-03-22,Wed,Humayuns Tomb,13:34,5
336,Carolus Peddersen,02-03-22,Wed,Red Fort,10:57,2
337,Jodee Rosa,22-03-22,Tue,Jantar Mantar,12:30,6
338,Terry Camili,19-03-22,Sat,Qutub Minar,14:58,8
339,Robert Scole,17-03-22,Thu,Humayuns Tomb,10:10,4
340,Kathi Bolliver,07-03-22,Mon,Akshardham Temple,12:23,7
341,Brion Monkley,12-03-22,Sat,Qutub Minar,14:15,6
342,Joey Bayston,10-03-22,Thu,Humayuns Tomb,13:47,3
343,Selle Crimp,14-03-22,Mon,Safdarjung Tomb,09:54,10
344,Petronille O'Cleary,12-03-22,Sat,Red Fort,11:40,6
345,Ingemar Ozanne,15-03-22,Tue,Humayuns Tomb,10:18,4
346,Bancroft Hathway,02-03-22,Wed,Jantar Mantar,09:48,2
347,Clarey Bere,23-03-22,Wed,Jantar Mantar,15:59,9
348,Jane MacKenzie,16-03-22,Wed,Red Fort,13:19,3
349,Gaspard Gosney,15-03-22,Tue,Red Fort,14:44,6
350,Katti Crawforth,24-03-22,Thu,Akshardham Temple,09:55,5
351,Tirrell Stother,08-03-22,Tue,Jantar Mantar,13:08,10
352,Milissent Byrnes,23-03-22,Wed,Jantar Mantar,14:57,10
353,Elias Brewett,07-03-22,Mon,Humayuns Tomb,13:09,10
354,Calv Goodlett,12-03-22,Sat,Jantar Mantar,16:30,6
355,Kathrine Hasling,24-03-22,Thu,Humayuns Tomb,10:34,4
356,Kathrine Noore,24-03-22,Thu,Qutub Minar,13:29,3
357,Aggi Dunstan,17-03-22,Thu,Red Fort,13:40,7
358,Clem Warman,10-03-22,Thu,Qutub Minar,15:47,8
359,Karia Loffel,23-03-22,Wed,Humayuns Tomb,10:47,7
360,Liv Gerardot,11-03-22,Fri,Akshardham Temple,15:16,1
361,Oliver Celloni,03-03-22,Thu,Qutub Minar,10:58,7
362,Beaufort Kennford,16-03-22,Wed,Safdarjung Tomb,14:06,4
363,Shanna Folliott,11-03-22,Fri,Qutub Minar,15:10,7
364,Thom Dumbellow,21-03-22,Mon,Red Fort,14:29,7
365,Berke Lippiett,14-03-22,Mon,Humayuns Tomb,13:36,2
366,Kennith Brader,03-03-22,Thu,Akshardham Temple,10:38,6
367,Neilla Danaher,14-03-22,Mon,Red Fort,09:20,9
368,Cacilie McFie,20-03-22,Sun,Akshardham Temple,15:45,8
369,Yuri Trivett,02-03-22,Wed,Qutub Minar,12:19,7
370,Eveline Chiles,06-03-22,Sun,Jantar Mantar,16:55,2
371,Darcy Rubinovitch,02-03-22,Wed,Humayuns Tomb,15:53,9
372,Hildagard Pendry,01-03-22,Tue,Prurana Qila,14:51,5
373,Jenelle Wankling,17-03-22,Thu,Akshardham Temple,12:39,4
374,Orly Jeavons,14-03-22,Mon,Akshardham Temple,13:24,2
375,Moll McGrill,19-03-22,Sat,Humayuns Tomb,14:37,3
376,Halli Tomasino,17-03-22,Thu,Safdarjung Tomb,16:36,1
377,Arleen Scarman,21-03-22,Mon,Safdarjung Tomb,14:45,7
378,Bobbe George,09-03-22,Wed,Red Fort,09:32,4
379,Ferguson Askey,03-03-22,Thu,Safdarjung Tomb,14:33,10
380,Ofelia Baughen,03-03-22,Thu,Jantar Mantar,10:28,10
381,Fania Danielczyk,06-03-22,Sun,Prurana Qila,14:07,8
382,Michal Lackie,02-03-22,Wed,Safdarjung Tomb,09:21,5
383,Monroe Leeming,15-03-22,Tue,Safdarjung Tomb,10:35,5
384,Boycie Agiolfinger,22-03-22,Tue,Prurana Qila,15:22,10
385,Henri Aire,03-03-22,Thu,Red Fort,14:35,9
386,Bernelle Worsnup,22-03-22,Tue,Humayuns Tomb,09:54,1
387,Tristam Gilyott,24-03-22,Thu,Qutub Minar,12:15,8
388,Greer Loomes,11-03-22,Fri,Red Fort,11:18,4
389,Tabby Aronov,23-03-22,Wed,Red Fort,15:29,4
390,Jeralee Levene,15-03-22,Tue,Humayuns Tomb,14:53,3
391,Shanie Kendell,18-03-22,Fri,Prurana Qila,13:33,7
392,Carmon Backson,02-03-22,Wed,Prurana Qila,14:04,5
393,Germana Romeo,16-03-22,Wed,Akshardham Temple,13:33,7
394,Somerset Hailes,08-03-22,Tue,Red Fort,09:43,3
395,Emlyn Moreman,07-03-22,Mon,Prurana Qila,09:53,4
396,Antoni Thirlwell,04-03-22,Fri,Jantar Mantar,09:23,2
397,Graham Summerly,17-03-22,Thu,Qutub Minar,14:23,5
398,Mariele Norledge,16-03-22,Wed,Prurana Qila,10:01,4
399,Rochester Burley,02-03-22,Wed,Qutub Minar,11:38,4
400,Mufinella Verdy,12-03-22,Sat,Jantar Mantar,14:54,7
401,Osmond Worley,05-03-22,Sat,Jantar Mantar,13:34,7
402,Dulcie Breitling,13-03-22,Sun,Qutub Minar,11:46,10
403,Celestia Regis,17-03-22,Thu,Prurana Qila,15:53,10
404,Anet Tethacot,21-03-22,Mon,Prurana Qila,13:19,10
405,Joelly Gummoe,24-03-22,Thu,Safdarjung Tomb,12:41,10
406,Trina Porritt,14-03-22,Mon,Safdarjung Tomb,09:49,5
407,Maurizia Fullerd,14-03-22,Mon,Prurana Qila,12:25,4
408,Kendall Perring,06-03-22,Sun,Qutub Minar,11:21,6
409,Shalne Mecozzi,03-03-22,Thu,Safdarjung Tomb,12:00,8
410,Lotta Coate,16-03-22,Wed,Safdarjung Tomb,14:07,5
411,Wake Gozzard,16-03-22,Wed,Red Fort,15:15,8
412,Brier Pedrozzi,02-03-22,Wed,Akshardham Temple,16:09,10
413,Darby Babalola,24-03-22,Thu,Qutub Minar,09:01,7
414,Dur Rosbottom,14-03-22,Mon,Prurana Qila,15:23,3
415,Larine Derby,16-03-22,Wed,Prurana Qila,14:45,8
416,Revkah Shulem,02-03-22,Wed,Prurana Qila,13:03,6
417,Saunderson Bartkiewicz,18-03-22,Fri,Akshardham Temple,12:17,6
418,Gard Ismirnioglou,16-03-22,Wed,Jantar Mantar,15:56,4
419,Shayne Cow,11-03-22,Fri,Humayuns Tomb,15:52,3
420,Jamima Krates,12-03-22,Sat,Prurana Qila,11:33,7
421,Correna Rocks,22-03-22,Tue,Jantar Mantar,13:56,6
422,Celestina Segges,08-03-22,Tue,Red Fort,12:38,7
423,Stanfield Beton,02-03-22,Wed,Prurana Qila,15:38,4
424,Dulcy Macari,10-03-22,Thu,Safdarjung Tomb,09:34,1
425,Isaac MacGilmartin,13-03-22,Sun,Akshardham Temple,14:55,1
426,Martyn Machen,17-03-22,Thu,Akshardham Temple,16:59,5
427,Clarice Websdale,10-03-22,Thu,Prurana Qila,16:12,10
428,Fransisco Enrrico,15-03-22,Tue,Prurana Qila,16:16,2
429,Opal Pere,11-03-22,Fri,Humayuns Tomb,14:14,2
430,Rozanna Sictornes,22-03-22,Tue,Akshardham Temple,14:12,10
431,Loni Du Hamel,12-03-22,Sat,Red Fort,13:51,4
432,Libbi Cattle,14-03-22,Mon,Red Fort,14:48,9
433,Casi Di Filippo,06-03-22,Sun,Jantar Mantar,13:50,8
434,Frannie Ashwood,06-03-22,Sun,Prurana Qila,16:47,3
435,Magdalene Chaters,01-03-22,Tue,Safdarjung Tomb,16:52,5
436,Hestia O'Dunneen,06-03-22,Sun,Qutub Minar,10:43,7
437,Horton Kraft,09-03-22,Wed,Akshardham Temple,15:14,8
438,Tanner Salman,03-03-22,Thu,Jantar Mantar,11:14,9
439,Larina Moir,22-03-22,Tue,Red Fort,12:29,6
440,Alyssa Mattiessen,23-03-22,Wed,Prurana Qila,16:37,9
441,Cristen Alvarado,16-03-22,Wed,Prurana Qila,14:35,7
442,Judith Hamblin,15-03-22,Tue,Jantar Mantar,11:10,8
443,Aurelia Laydon,21-03-22,Mon,Jantar Mantar,12:49,6
444,Padgett Blowfelde,15-03-22,Tue,Jantar Mantar,13:58,2
445,Eleni Vigurs,02-03-22,Wed,Safdarjung Tomb,13:02,2
446,Sterne Bortoloni,12-03-22,Sat,Prurana Qila,09:02,6
447,Penny MacGinney,14-03-22,Mon,Prurana Qila,13:30,4
448,Marla Gould,23-03-22,Wed,Jantar Mantar,12:56,2
449,Ashien McGeaney,08-03-22,Tue,Humayuns Tomb,14:50,9
450,Gui Roumier,11-03-22,Fri,Qutub Minar,10:56,2
451,Christabella Rendle,21-03-22,Mon,Akshardham Temple,12:14,6
452,Ruthy Salandino,07-03-22,Mon,Safdarjung Tomb,09:45,2
453,Millard Killingworth,17-03-22,Thu,Akshardham Temple,10:34,1
454,Bonnie Padfield,01-03-22,Tue,Red Fort,14:02,7
455,Yves Baty,02-03-22,Wed,Red Fort,11:46,1
456,Ursa Conniam,19-03-22,Sat,Humayuns Tomb,14:21,2
457,Lyndsie Barnett,09-03-22,Wed,Humayuns Tomb,10:56,3
458,Woodie Norsworthy,09-03-22,Wed,Prurana Qila,14:40,4
459,Franny Ucchino,03-03-22,Thu,Prurana Qila,09:09,8
460,Natal Klisch,16-03-22,Wed,Prurana Qila,11:53,7
461,Leoine Biset,02-03-22,Wed,Akshardham Temple,16:22,2
462,Raffarty Fawthorpe,19-03-22,Sat,Qutub Minar,16:40,10
463,Joelynn Ibotson,02-03-22,Wed,Jantar Mantar,11:08,10
464,Mayor Iwaszkiewicz,01-03-22,Tue,Red Fort,15:36,6
465,Tessi Fear,20-03-22,Sun,Qutub Minar,10:46,3
466,Alma Camilio,07-03-22,Mon,Jantar Mantar,15:27,8
467,Ruby Chiplen,13-03-22,Sun,Humayuns Tomb,13:58,7
468,Olivia Littlecote,14-03-22,Mon,Jantar Mantar,09:11,7
469,June Semrad,03-03-22,Thu,Prurana Qila,14:28,9
470,Sigismond Mertin,12-03-22,Sat,Humayuns Tomb,14:48,9
471,Granville De Bruin,04-03-22,Fri,Humayuns Tomb,11:21,2
472,Burl Duling,23-03-22,Wed,Humayuns Tomb,15:31,3
473,Heidie Rustich,20-03-22,Sun,Akshardham Temple,09:54,2
474,Lora Grassett,24-03-22,Thu,Prurana Qila,11:56,7
475,Rebe Jakubczyk,08-03-22,Tue,Qutub Minar,12:45,6
476,Alvin Grinston,01-03-22,Tue,Akshardham Temple,12:58,4
477,Bill Plumm,19-03-22,Sat,Prurana Qila,12:43,8
478,Dennis Fossord,01-03-22,Tue,Qutub Minar,12:48,1
479,Neall Lissimore,03-03-22,Thu,Humayuns Tomb,16:52,5
480,Frederik Cornhill,01-03-22,Tue,Safdarjung Tomb,09:38,6
481,Ware Iddon,20-03-22,Sun,Akshardham Temple,14:15,3
482,Friedrick Crisp,23-03-22,Wed,Humayuns Tomb,15:30,8
483,Eleonore Uebel,13-03-22,Sun,Safdarjung Tomb,14:38,6
484,Stanley Fairall,22-03-22,Tue,Qutub Minar,10:32,5
485,Jules Durrand,08-03-22,Tue,Safdarjung Tomb,15:26,7
486,Ardyce Drayton,17-03-22,Thu,Akshardham Temple,16:58,6
487,Katherine Ivanishin,15-03-22,Tue,Jantar Mantar,15:35,10
488,Pepillo Doumer,20-03-22,Sun,Safdarjung Tomb,15:10,5
489,Tabb Longbone,03-03-22,Thu,Qutub Minar,11:20,4
490,Carlen Cess,14-03-22,Mon,Red Fort,16:38,4
491,Cleo Murrison,16-03-22,Wed,Humayuns Tomb,15:45,6
492,Jason Chadney,09-03-22,Wed,Qutub Minar,14:01,9
493,Theo Readitt,21-03-22,Mon,Prurana Qila,10:36,7
494,Siffre Greening,22-03-22,Tue,Safdarjung Tomb,11:31,8
495,Em East,18-03-22,Fri,Humayuns Tomb,15:04,4
496,Brenna Whight,14-03-22,Mon,Akshardham Temple,10:52,7
497,Tessa Causier,02-03-22,Wed,Red Fort,14:23,2
498,Creight Rooms,19-03-22,Sat,Safdarjung Tomb,13:18,7
499,Karlen Polkinghorne,07-03-22,Mon,Qutub Minar,12:28,8
500,Una Faughnan,08-03-22,Tue,Red Fort,11:52,7
501,Nert Patching,12-03-22,Sat,Prurana Qila,13:15,4
502,Gladi Scoffins,04-03-22,Fri,Qutub Minar,12:28,2
503,Alyson Skirven,13-03-22,Sun,Humayuns Tomb,09:08,6
504,Zachary Deeson,05-03-22,Sat,Prurana Qila,12:22,8
505,Eddie Goding,17-03-22,Thu,Humayuns Tomb,16:27,4
506,Dona MacKain,18-03-22,Fri,Red Fort,13:37,4
507,Timothea Faulds,20-03-22,Sun,Akshardham Temple,12:09,4
508,Nanni McAllan,22-03-22,Tue,Akshardham Temple,10:52,7
509,Alfonse Condell,14-03-22,Mon,Jantar Mantar,12:02,7
510,Chryste Ransbury,23-03-22,Wed,Safdarjung Tomb,11:01,8
511,Guenevere Scruby,03-03-22,Thu,Prurana Qila,13:51,5
512,Sheffy Harner,12-03-22,Sat,Akshardham Temple,12:31,10
513,Craggie Phonix,13-03-22,Sun,Safdarjung Tomb,11:11,7
514,Bidget Sigars,02-03-22,Wed,Red Fort,09:58,2
515,Imogen Long,23-03-22,Wed,Safdarjung Tomb,14:22,1
516,Johnna Truelove,10-03-22,Thu,Qutub Minar,14:34,4
517,Sabine Bardill,12-03-22,Sat,Akshardham Temple,11:33,1
518,Stu Coales,10-03-22,Thu,Qutub Minar,12:59,3
519,Gibb Readie,06-03-22,Sun,Safdarjung Tomb,13:54,3
520,Bell Maymond,22-03-22,Tue,Akshardham Temple,16:18,10
521,Mohammed Nix,23-03-22,Wed,Akshardham Temple,13:24,1
522,Cathleen Laytham,17-03-22,Thu,Akshardham Temple,11:45,1
523,Harlin Skalls,13-03-22,Sun,Humayuns Tomb,11:36,2
524,Alfonse Luckcuck,01-03-22,Tue,Akshardham Temple,14:45,5
525,Osborne Osgar,09-03-22,Wed,Humayuns Tomb,15:11,6
526,Jana Leidl,08-03-22,Tue,Prurana Qila,09:36,3
527,Dela Size,17-03-22,Thu,Jantar Mantar,14:30,7
528,Agnese Tipling,04-03-22,Fri,Humayuns Tomb,14:01,5
529,Shaun Keener,02-03-22,Wed,Jantar Mantar,12:32,10
530,Chaim Durward,17-03-22,Thu,Jantar Mantar,13:29,8
531,Laurence Marchington,14-03-22,Mon,Prurana Qila,11:44,9
532,Carol Matyushenko,09-03-22,Wed,Prurana Qila,09:26,2
533,Mona Shimwall,13-03-22,Sun,Humayuns Tomb,10:12,1
534,Launce Laughlan,19-03-22,Sat,Prurana Qila,10:42,1
535,Roby Tomalin,15-03-22,Tue,Qutub Minar,16:44,1
536,Traver Bootland,20-03-22,Sun,Jantar Mantar,10:55,6
537,Marijo Hearson,10-03-22,Thu,Akshardham Temple,12:17,4
538,West Flindall,15-03-22,Tue,Akshardham Temple,14:33,7
539,Yvon Roman,08-03-22,Tue,Qutub Minar,10:24,10
540,Grethel Press,03-03-22,Thu,Safdarjung Tomb,11:44,5
541,Suki Karpets,09-03-22,Wed,Safdarjung Tomb,15:01,9
542,Delano Geldeard,06-03-22,Sun,Safdarjung Tomb,13:29,7
543,Kerry Mendonca,22-03-22,Tue,Jantar Mantar,10:58,7
544,Windham Basey,23-03-22,Wed,Red Fort,12:20,8
545,Adelaida Pinock,01-03-22,Tue,Safdarjung Tomb,15:14,4
546,Val Kemster,04-03-22,Fri,Prurana Qila,12:36,7
547,Palmer Josefsohn,08-03-22,Tue,Safdarjung Tomb,13:22,3
548,Fancy Kilfedder,18-03-22,Fri,Safdarjung Tomb,12:08,2
549,Tiebold Dillimore,06-03-22,Sun,Humayuns Tomb,16:14,7
550,Broderick Dyde,22-03-22,Tue,Humayuns Tomb,11:20,5
551,Ivory Matessian,19-03-22,Sat,Qutub Minar,15:02,2
552,Callean Moreton,23-03-22,Wed,Humayuns Tomb,09:06,6
553,Ortensia Elfleet,15-03-22,Tue,Prurana Qila,14:04,8
554,Wilhelm Powling,24-03-22,Thu,Prurana Qila,12:14,2
555,Hans Jerzycowski,14-03-22,Mon,Safdarjung Tomb,12:46,5
556,Sydney Vinson,01-03-22,Tue,Qutub Minar,12:11,10
557,Liam Halligan,08-03-22,Tue,Humayuns Tomb,14:32,2
558,Didi MacVanamy,02-03-22,Wed,Humayuns Tomb,11:27,10
559,Lonnard Bendall,20-03-22,Sun,Qutub Minar,11:33,3
560,Byrom Kosiada,02-03-22,Wed,Safdarjung Tomb,10:34,10
561,Dido Josilowski,22-03-22,Tue,Akshardham Temple,09:36,1
562,Gwennie Kerwick,11-03-22,Fri,Qutub Minar,15:45,2
563,Izaak Spottswood,16-03-22,Wed,Akshardham Temple,14:27,1
564,Monica Enric,19-03-22,Sat,Qutub Minar,14:31,6
565,Abbie Vasic,23-03-22,Wed,Safdarjung Tomb,09:00,5
566,Jenelle Bortolini,12-03-22,Sat,Red Fort,11:40,1
567,Siward MacSporran,22-03-22,Tue,Humayuns Tomb,09:41,9
568,Daniella Bremner,02-03-22,Wed,Safdarjung Tomb,16:49,6
569,Edie Geldard,18-03-22,Fri,Qutub Minar,12:49,7
570,Orelia Caveney,16-03-22,Wed,Qutub Minar,11:06,1
571,Jon Walton,13-03-22,Sun,Akshardham Temple,10:33,8
572,Ella Dunbleton,18-03-22,Fri,Humayuns Tomb,13:34,5
573,Albertina Luca,11-03-22,Fri,Red Fort,11:17,5
574,Jewelle Marzelo,02-03-22,Wed,Safdarjung Tomb,13:42,5
575,Arlen Folder,22-03-22,Tue,Prurana Qila,15:40,8
576,Steve Chilley,07-03-22,Mon,Prurana Qila,12:20,7
577,Wolf Brahms,24-03-22,Thu,Red Fort,14:39,10
578,Saidee Stranieri,19-03-22,Sat,Jantar Mantar,09:04,4
579,Benedikta Haw,17-03-22,Thu,Humayuns Tomb,15:14,5
580,Lind Ashburne,14-03-22,Mon,Prurana Qila,13:36,1
581,Kiah Mace,03-03-22,Thu,Qutub Minar,11:12,10
582,Rianon Phillot,14-03-22,Mon,Qutub Minar,16:16,1
583,Marlow Bolle,18-03-22,Fri,Red Fort,12:21,9
584,Thedrick Scothorn,02-03-22,Wed,Jantar Mantar,14:53,6
585,Merlina McCreery,09-03-22,Wed,Jantar Mantar,10:48,7
586,Bree June,06-03-22,Sun,Akshardham Temple,09:53,2
587,Siana Cafe,03-03-22,Thu,Safdarjung Tomb,11:36,5
588,Stacey Kewish,15-03-22,Tue,Safdarjung Tomb,16:12,4
589,Ange Rockell,21-03-22,Mon,Prurana Qila,13:24,9
590,Kristos Van Der Vlies,19-03-22,Sat,Qutub Minar,15:14,10
591,Berkie Lavrinov,10-03-22,Thu,Akshardham Temple,11:53,8
592,Mason Tattersall,12-03-22,Sat,Akshardham Temple,12:35,10
593,Chaim Ronayne,21-03-22,Mon,Prurana Qila,11:23,7
594,Cassandry Sullivan,19-03-22,Sat,Safdarjung Tomb,12:05,2
595,Jesse McCourtie,04-03-22,Fri,Qutub Minar,09:57,7
596,Maura Kerrod,15-03-22,Tue,Akshardham Temple,16:55,3
597,Odilia Furniss,14-03-22,Mon,Red Fort,11:17,4
598,Kassi Golsby,11-03-22,Fri,Safdarjung Tomb,11:55,3
599,Cazzie Topaz,22-03-22,Tue,Red Fort,12:28,3
600,Edlin Hanmer,14-03-22,Mon,Qutub Minar,12:02,3
601,Joni Posvner,06-03-22,Sun,Jantar Mantar,09:22,8
602,Fidel Kmiec,12-03-22,Sat,Humayuns Tomb,11:24,3
603,Carlyle Terzi,23-03-22,Wed,Akshardham Temple,11:34,7
604,Ingemar O'Doohaine,02-03-22,Wed,Akshardham Temple,10:10,1
605,Stefan Stickings,07-03-22,Mon,Akshardham Temple,15:17,4
606,Judd Lamacraft,11-03-22,Fri,Humayuns Tomb,16:32,4
607,Cristin Ansill,22-03-22,Tue,Red Fort,14:54,1
608,Amy Drains,04-03-22,Fri,Humayuns Tomb,11:45,6
609,Tina Dowers,18-03-22,Fri,Humayuns Tomb,09:33,8
610,Debbi Keay,02-03-22,Wed,Red Fort,10:50,6
611,Demeter Laugier,09-03-22,Wed,Red Fort,13:12,3
612,Shirl Golt,15-03-22,Tue,Prurana Qila,09:26,9
613,Verena Sessions,04-03-22,Fri,Qutub Minar,14:22,3
614,Jephthah Brandsma,15-03-22,Tue,Qutub Minar,15:04,10
615,Michaela Speedy,19-03-22,Sat,Safdarjung Tomb,15:04,1
616,Gerrilee Allsepp,24-03-22,Thu,Safdarjung Tomb,13:36,5
617,Wright Stitson,06-03-22,Sun,Qutub Minar,13:07,3
618,Sibyl Proudlock,12-03-22,Sat,Prurana Qila,13:44,9
619,Ansley Knivett,19-03-22,Sat,Qutub Minar,10:48,7
620,Freddie Lung,10-03-22,Thu,Humayuns Tomb,16:15,1
621,Chelsey McLucky,22-03-22,Tue,Humayuns Tomb,15:06,4
622,Dwain Iston,01-03-22,Tue,Red Fort,12:46,3
623,Kennie Tebald,24-03-22,Thu,Akshardham Temple,11:11,2
624,Edward Asprey,14-03-22,Mon,Humayuns Tomb,14:41,2
625,Pasquale Confait,19-03-22,Sat,Safdarjung Tomb,09:40,4
626,Tamarra Chattoe,06-03-22,Sun,Safdarjung Tomb,11:26,1
627,Erskine Dryburgh,02-03-22,Wed,Jantar Mantar,10:37,1
628,Nelly Oats,20-03-22,Sun,Red Fort,09:57,3
629,Page Sworn,13-03-22,Sun,Humayuns Tomb,16:43,7
630,Andee Messom,06-03-22,Sun,Red Fort,16:47,1
631,Peyter Devereux,10-03-22,Thu,Prurana Qila,16:56,8
632,Fawnia Acheson,10-03-22,Thu,Jantar Mantar,11:36,2
633,Caz Taffie,24-03-22,Thu,Qutub Minar,14:05,4
634,Ruthanne Youles,08-03-22,Tue,Akshardham Temple,11:14,6
635,Pat Kubal,14-03-22,Mon,Humayuns Tomb,09:11,7
636,Jeanine Records,03-03-22,Thu,Red Fort,16:48,10
637,Greer Flagg,08-03-22,Tue,Qutub Minar,16:24,4
638,Reynard Blown,14-03-22,Mon,Jantar Mantar,11:22,5
639,Corrina Pestridge,13-03-22,Sun,Qutub Minar,09:49,1
640,Gabriella Swalwel,17-03-22,Thu,Humayuns Tomb,15:27,5
641,Sasha Josephs,19-03-22,Sat,Prurana Qila,16:01,1
642,Genvieve Pitcher,02-03-22,Wed,Akshardham Temple,14:47,5
643,Jermayne Sleany,05-03-22,Sat,Jantar Mantar,11:35,3
644,Bruis Kopec,04-03-22,Fri,Akshardham Temple,13:17,3
645,Courtnay Hanby,16-03-22,Wed,Prurana Qila,12:37,10
646,Tandie Klesse,21-03-22,Mon,Humayuns Tomb,09:08,5
647,Gibb Gayforth,04-03-22,Fri,Red Fort,16:20,2
648,Terri Wasling,11-03-22,Fri,Red Fort,09:23,3
649,Gerty Dabernott,01-03-22,Tue,Qutub Minar,12:46,3
650,Kendall McLucky,01-03-22,Tue,Safdarjung Tomb,11:38,6
651,Trula Towey,24-03-22,Thu,Humayuns Tomb,11:55,2
652,Saw Tunnick,19-03-22,Sat,Qutub Minar,10:25,7
653,Briant Fencott,20-03-22,Sun,Prurana Qila,11:47,3
654,Baxy Rahill,19-03-22,Sat,Safdarjung Tomb,12:30,1
655,Alfie Aronin,04-03-22,Fri,Red Fort,10:57,8
656,Daloris MacKowle,04-03-22,Fri,Jantar Mantar,15:01,10
657,Skell Thickin,14-03-22,Mon,Safdarjung Tomb,12:20,10
658,Betteann Bartel,16-03-22,Wed,Akshardham Temple,09:46,10
659,Joella Lethby,24-03-22,Thu,Safdarjung Tomb,14:54,8
660,Terra Heine,23-03-22,Wed,Prurana Qila,11:36,10
661,Laura Barnshaw,07-03-22,Mon,Jantar Mantar,09:52,5
662,Rosalind Clutton,02-03-22,Wed,Jantar Mantar,16:00,1
663,Lizzie Vere,22-03-22,Tue,Safdarjung Tomb,12:35,9
664,Britta California,16-03-22,Wed,Prurana Qila,11:00,7
665,Giacinta Ratter,04-03-22,Fri,Qutub Minar,14:18,7
666,Abra Marquand,19-03-22,Sat,Safdarjung Tomb,15:29,1
667,Shannon Worman,13-03-22,Sun,Safdarjung Tomb,09:56,4
668,Sheena Spurriar,16-03-22,Wed,Red Fort,09:22,5
669,Maurice Stanier,03-03-22,Thu,Jantar Mantar,15:08,5
670,Bernette Badam,02-03-22,Wed,Safdarjung Tomb,09:40,4
671,Webster Joron,18-03-22,Fri,Akshardham Temple,13:52,8
672,Tonia Lujan,13-03-22,Sun,Safdarjung Tomb,11:02,2
673,Adriano Sander,21-03-22,Mon,Prurana Qila,12:42,5
674,Malchy Seneschal,01-03-22,Tue,Humayuns Tomb,09:44,7
675,Catie Mertin,07-03-22,Mon,Safdarjung Tomb,09:28,8
676,Adela Lindley,23-03-22,Wed,Safdarjung Tomb,16:26,7
677,Angelia McQuirk,19-03-22,Sat,Red Fort,15:23,10
678,Felicia Edworthie,03-03-22,Thu,Safdarjung Tomb,12:57,10
679,Didi Edwicker,24-03-22,Thu,Red Fort,11:07,3
680,Alfons Sewley,06-03-22,Sun,Red Fort,13:06,6
681,Linda Walesby,15-03-22,Tue,Akshardham Temple,16:30,3
682,Cirillo Hummerston,07-03-22,Mon,Red Fort,12:09,7
683,Loren Rankine,04-03-22,Fri,Prurana Qila,11:44,5
684,Byrle Leynham,02-03-22,Wed,Red Fort,14:51,1
685,Ansell Mahon,22-03-22,Tue,Humayuns Tomb,13:48,1
686,Clementine Renihan,22-03-22,Tue,Akshardham Temple,09:23,3
687,Elaine Rexworthy,20-03-22,Sun,Safdarjung Tomb,16:25,9
688,Mair Ingon,01-03-22,Tue,Red Fort,12:47,10
689,Colman Llorens,09-03-22,Wed,Akshardham Temple,13:17,9
690,Lorens Topp,18-03-22,Fri,Red Fort,13:18,3
691,Grethel Byatt,23-03-22,Wed,Red Fort,14:26,1
692,Hobey O'Curran,21-03-22,Mon,Safdarjung Tomb,14:14,4
693,Olivia Kirsz,03-03-22,Thu,Qutub Minar,13:36,8
694,Kathe Marklin,20-03-22,Sun,Akshardham Temple,09:42,2
695,Clo Leydon,18-03-22,Fri,Red Fort,16:40,6
696,Kipp Palphramand,03-03-22,Thu,Red Fort,15:11,9
697,Lisha Woodland,04-03-22,Fri,Safdarjung Tomb,09:50,4
698,Brose Jentin,15-03-22,Tue,Qutub Minar,14:05,3
699,Alard Swinnard,19-03-22,Sat,Red Fort,12:57,6
700,Lorettalorna Domerc,18-03-22,Fri,Safdarjung Tomb,12:25,5
701,Hoebart Tolworthy,04-03-22,Fri,Jantar Mantar,15:51,1
702,Zolly Hobell,20-03-22,Sun,Jantar Mantar,15:06,5
703,Klara McGreay,13-03-22,Sun,Red Fort,09:16,8
704,Rayna Smurthwaite,24-03-22,Thu,Akshardham Temple,13:28,6
705,Pearce Wickham,12-03-22,Sat,Jantar Mantar,10:29,3
706,Therese Grocutt,05-03-22,Sat,Prurana Qila,09:41,2
707,Anna Mayor,15-03-22,Tue,Qutub Minar,12:22,4
708,Sandye Peyton,24-03-22,Thu,Prurana Qila,16:32,6
709,Norbert Kamenar,06-03-22,Sun,Safdarjung Tomb,10:40,5
710,Elsi Rishbrook,23-03-22,Wed,Akshardham Temple,14:56,2
711,Nat Dowson,24-03-22,Thu,Akshardham Temple,11:03,2
712,Rusty Shannon,24-03-22,Thu,Akshardham Temple,10:17,1
713,Carter Everil,21-03-22,Mon,Humayuns Tomb,12:51,1
714,Kellyann Umpleby,18-03-22,Fri,Prurana Qila,16:52,1
715,Winslow Reading,23-03-22,Wed,Qutub Minar,16:43,1
716,Ariel Warrior,06-03-22,Sun,Qutub Minar,11:54,10
717,Mirelle Fermin,05-03-22,Sat,Red Fort,12:28,9
718,Sunny Standbrook,19-03-22,Sat,Jantar Mantar,12:37,9
719,Charleen Ties,11-03-22,Fri,Jantar Mantar,09:22,10
720,Vite Groome,10-03-22,Thu,Qutub Minar,16:18,7
721,Auberta Bambra,24-03-22,Thu,Safdarjung Tomb,10:52,8
722,Marion Antecki,07-03-22,Mon,Jantar Mantar,15:20,5
723,Rica Guilfoyle,09-03-22,Wed,Akshardham Temple,11:01,5
724,Drusi Hagyard,08-03-22,Tue,Akshardham Temple,13:30,6
725,Umeko MacNeill,19-03-22,Sat,Akshardham Temple,09:09,1
726,Merrili Royle,20-03-22,Sun,Qutub Minar,13:11,5
727,Logan Toplis,24-03-22,Thu,Safdarjung Tomb,13:46,7
728,Sula Kewzick,20-03-22,Sun,Red Fort,15:14,1
729,Patin Cousin,07-03-22,Mon,Safdarjung Tomb,16:48,7
730,Herman Playfoot,07-03-22,Mon,Humayuns Tomb,10:58,4
731,Kaleena Featherstonhaugh,13-03-22,Sun,Humayuns Tomb,13:02,9
732,Gaelan Beasley,05-03-22,Sat,Jantar Mantar,10:21,3
733,Gillian Lagde,24-03-22,Thu,Safdarjung Tomb,15:42,8
734,Sibilla Vail,08-03-22,Tue,Prurana Qila,11:02,4
735,Laughton Roseborough,12-03-22,Sat,Jantar Mantar,15:44,9
736,Buddie Fadian,20-03-22,Sun,Prurana Qila,12:05,7
737,Padraic Grass,13-03-22,Sun,Akshardham Temple,13:59,2
738,Alisun Hutsby,11-03-22,Fri,Safdarjung Tomb,12:44,7
739,Fawnia Highman,12-03-22,Sat,Jantar Mantar,12:15,4
740,Den Currall,22-03-22,Tue,Safdarjung Tomb,13:37,10
741,Aloin Tipperton,23-03-22,Wed,Jantar Mantar,13:11,10
742,Ayn Presnail,21-03-22,Mon,Red Fort,09:09,4
743,Marilee Ferreira,11-03-22,Fri,Jantar Mantar,13:21,6
744,Ange Southeran,18-03-22,Fri,Jantar Mantar,12:31,4
745,Fin Bhatia,04-03-22,Fri,Jantar Mantar,14:06,10
746,Julius Mival,17-03-22,Thu,Red Fort,11:30,5
747,Koenraad Gianinotti,12-03-22,Sat,Jantar Mantar,10:36,9
748,Prescott Spurden,16-03-22,Wed,Akshardham Temple,13:59,1
749,Halsy Whittall,07-03-22,Mon,Qutub Minar,10:46,3
750,Adamo Caveney,14-03-22,Mon,Qutub Minar,09:30,4
751,Karee Abramovic,21-03-22,Mon,Humayuns Tomb,09:37,2
752,Lorain Mariot,14-03-22,Mon,Red Fort,15:29,6
753,Celestina McReath,07-03-22,Mon,Humayuns Tomb,09:18,7
754,Cello Le Maitre,06-03-22,Sun,Red Fort,12:12,4
755,Jobyna Pagett,12-03-22,Sat,Prurana Qila,14:31,3
756,Godfree Annice,18-03-22,Fri,Akshardham Temple,13:32,1
757,Kris Traylen,10-03-22,Thu,Red Fort,15:12,8
758,Lezlie Riden,17-03-22,Thu,Red Fort,10:49,10
759,Nichole Parnham,11-03-22,Fri,Prurana Qila,15:26,8
760,Hagan London,20-03-22,Sun,Qutub Minar,15:57,5
761,Aubert Loveman,23-03-22,Wed,Prurana Qila,15:03,1
762,Sigrid Feechum,10-03-22,Thu,Humayuns Tomb,14:42,3
763,Brice Kettow,18-03-22,Fri,Akshardham Temple,15:30,4
764,Thomasine Poor,12-03-22,Sat,Prurana Qila,10:58,5
765,Alano Sawforde,07-03-22,Mon,Prurana Qila,09:19,3
766,Forster Sails,18-03-22,Fri,Akshardham Temple,12:25,10
767,Betteann Ivanilov,01-03-22,Tue,Humayuns Tomb,10:46,3
768,Arin Ascraft,08-03-22,Tue,Akshardham Temple,10:27,7
769,Kaia Jeroch,21-03-22,Mon,Safdarjung Tomb,10:09,8
770,Lindsay Etchingham,24-03-22,Thu,Red Fort,13:13,8
771,Tedman Weich,21-03-22,Mon,Humayuns Tomb,09:18,8
772,Phillida Ballister,15-03-22,Tue,Qutub Minar,13:01,7
773,Gisela Coldbath,16-03-22,Wed,Red Fort,09:03,8
774,Rowan Aronow,02-03-22,Wed,Prurana Qila,09:19,8
775,Ewell Phettis,21-03-22,Mon,Humayuns Tomb,11:12,7
776,Sheeree Sergant,11-03-22,Fri,Red Fort,16:06,6
777,Prescott Yeo,23-03-22,Wed,Safdarjung Tomb,14:06,2
778,Grete Kalewe,15-03-22,Tue,Red Fort,15:26,2
779,Wang Carson,09-03-22,Wed,Prurana Qila,15:11,1
780,Bobette Colledge,18-03-22,Fri,Jantar Mantar,12:06,2
781,Sidonnie Greenroyd,23-03-22,Wed,Humayuns Tomb,09:57,2
782,Riane Dismore,06-03-22,Sun,Akshardham Temple,12:35,4
783,Loraine Urry,18-03-22,Fri,Safdarjung Tomb,13:46,4
784,Arleen Stanyland,23-03-22,Wed,Humayuns Tomb,10:54,2
785,Clayborn Tams,09-03-22,Wed,Safdarjung Tomb,14:22,6
786,Erek Dondon,05-03-22,Sat,Safdarjung Tomb,14:07,7
787,Cheston Christoforou,21-03-22,Mon,Akshardham Temple,13:04,3
788,Domenico Brind,03-03-22,Thu,Qutub Minar,15:51,4
789,Donielle McKeighan,16-03-22,Wed,Prurana Qila,11:40,3
790,Trudy Blofield,12-03-22,Sat,Safdarjung Tomb,13:25,6
791,Erda Lernihan,15-03-22,Tue,Akshardham Temple,16:59,3
792,Adora Brawson,22-03-22,Tue,Red Fort,12:20,9
793,Ammamaria Whewill,22-03-22,Tue,Prurana Qila,11:34,2
794,Lottie Govett,08-03-22,Tue,Red Fort,10:18,3
795,Shadow Canete,07-03-22,Mon,Red Fort,15:42,4
796,Hortensia Piatek,20-03-22,Sun,Red Fort,13:50,6
797,Tish Featherstonehaugh,19-03-22,Sat,Humayuns Tomb,15:24,4
798,Gerhard Smowton,06-03-22,Sun,Qutub Minar,13:58,6
799,Farr Witchalls,03-03-22,Thu,Red Fort,12:42,7
800,Gretal Tapp,23-03-22,Wed,Red Fort,09:15,6
801,Leonore Hickeringill,02-03-22,Wed,Qutub Minar,12:30,8
802,Sallyann Crambie,02-03-22,Wed,Qutub Minar,12:55,8
803,Agretha Fearby,04-03-22,Fri,Prurana Qila,11:29,2
804,Steve Pettegree,10-03-22,Thu,Prurana Qila,16:20,8
805,Wilbur Broun,18-03-22,Fri,Prurana Qila,11:52,3
806,Levey Rickis,23-03-22,Wed,Safdarjung Tomb,14:48,10
807,Starlin Frostick,04-03-22,Fri,Qutub Minar,13:18,10
808,Mabelle Becom,05-03-22,Sat,Jantar Mantar,13:39,4
809,Lela Tompsett,14-03-22,Mon,Akshardham Temple,10:46,3
810,Louisette Farleigh,20-03-22,Sun,Akshardham Temple,10:07,10
811,Jay Casellas,02-03-22,Wed,Humayuns Tomb,14:47,4
812,Erin Brouncker,15-03-22,Tue,Jantar Mantar,12:52,2
813,Valentine Roon,17-03-22,Thu,Qutub Minar,13:15,4
814,Gabrielle Skaife d'Ingerthorpe,20-03-22,Sun,Humayuns Tomb,15:55,7
815,Cynde Yuille,01-03-22,Tue,Jantar Mantar,15:56,3
816,Eilis Lilleycrop,10-03-22,Thu,Red Fort,12:10,5
817,Arabelle Labin,14-03-22,Mon,Humayuns Tomb,11:39,10
818,Theodor Ledford,23-03-22,Wed,Humayuns Tomb,16:14,5
819,Stacy Filippone,08-03-22,Tue,Jantar Mantar,10:48,4
820,Idette Deinhard,23-03-22,Wed,Safdarjung Tomb,12:40,10
821,Barrett Morrott,09-03-22,Wed,Safdarjung Tomb,11:10,6
822,Maribeth Dreghorn,23-03-22,Wed,Jantar Mantar,12:40,10
823,Barbara Clegg,01-03-22,Tue,Safdarjung Tomb,13:59,4
824,Yuma Fitzharris,09-03-22,Wed,Safdarjung Tomb,13:14,8
825,Broddy Bonds,16-03-22,Wed,Akshardham Temple,10:07,1
826,Courtnay Petersen,10-03-22,Thu,Qutub Minar,16:01,3
827,Clementius Stairmand,17-03-22,Thu,Jantar Mantar,09:40,2
828,Chester Cusack,22-03-22,Tue,Prurana Qila,14:41,2
829,Rowena Caslett,15-03-22,Tue,Humayuns Tomb,11:13,9
830,Oona Sangwin,02-03-22,Wed,Humayuns Tomb,11:11,3
831,Marcello Leveret,03-03-22,Thu,Safdarjung Tomb,10:27,9
832,Darell Bareham,07-03-22,Mon,Qutub Minar,10:37,1
833,Jemmy Paulillo,04-03-22,Fri,Jantar Mantar,15:25,9
834,Kris Offa,14-03-22,Mon,Jantar Mantar,16:58,10
835,Marna Emmins,23-03-22,Wed,Prurana Qila,12:42,6
836,Jeannine Banbrick,20-03-22,Sun,Safdarjung Tomb,11:09,4
837,Madison Batten,08-03-22,Tue,Qutub Minar,15:12,10
838,Carlie Giorgietto,17-03-22,Thu,Jantar Mantar,09:32,4
839,Trueman Aspell,14-03-22,Mon,Red Fort,16:44,2
840,Roseline Jerrand,21-03-22,Mon,Akshardham Temple,14:02,1
841,Leeanne Bausor,15-03-22,Tue,Safdarjung Tomb,12:17,8
842,Koo Saxby,22-03-22,Tue,Safdarjung Tomb,13:04,9
843,Cirstoforo Skeates,18-03-22,Fri,Akshardham Temple,14:00,2
844,Ginger Blaszczyk,14-03-22,Mon,Safdarjung Tomb,16:28,4
845,Lindsey Laminman,12-03-22,Sat,Humayuns Tomb,15:19,1
846,Hobart Hatherley,11-03-22,Fri,Red Fort,12:56,6
847,Tades Duiguid,03-03-22,Thu,Akshardham Temple,13:23,4
848,Sharon Ellesmere,13-03-22,Sun,Prurana Qila,13:46,5
849,Louisa Roads,22-03-22,Tue,Humayuns Tomb,11:51,5
850,Christel Mooring,01-03-22,Tue,Qutub Minar,12:21,3
851,Katharine Welford,10-03-22,Thu,Humayuns Tomb,12:09,7
852,Roshelle Twizell,07-03-22,Mon,Prurana Qila,14:03,7
853,Leodora Dowsett,06-03-22,Sun,Prurana Qila,10:40,8
854,Flinn Abdy,03-03-22,Thu,Akshardham Temple,14:50,9
855,Allyce Moutray Read,19-03-22,Sat,Prurana Qila,16:17,8
856,Randolph Runchman,15-03-22,Tue,Safdarjung Tomb,14:02,4
857,Damara Squelch,18-03-22,Fri,Qutub Minar,12:54,7
858,Del Sorby,24-03-22,Thu,Jantar Mantar,12:00,1
859,Yankee Jansey,01-03-22,Tue,Red Fort,13:38,1
860,Piggy Eccleshall,18-03-22,Fri,Prurana Qila,10:14,10
861,Gaspar Emm,03-03-22,Thu,Prurana Qila,13:20,8
862,Bernhard Fursey,14-03-22,Mon,Akshardham Temple,14:44,10
863,Teador Mattocks,22-03-22,Tue,Safdarjung Tomb,16:43,4
864,Xerxes Acome,08-03-22,Tue,Qutub Minar,12:04,10
865,Sheryl Kubala,19-03-22,Sat,Jantar Mantar,10:55,8
866,Christine McAlinden,09-03-22,Wed,Akshardham Temple,15:53,3
867,Reider Gerardi,18-03-22,Fri,Red Fort,11:38,4
868,Kin Cluer,09-03-22,Wed,Humayuns Tomb,09:25,2
869,Jasmina Pllu,12-03-22,Sat,Humayuns Tomb,16:12,7
870,Hartley Berthe,12-03-22,Sat,Humayuns Tomb,12:51,6
871,Verney Warlton,11-03-22,Fri,Red Fort,11:12,2
872,Pepi Yeomans,11-03-22,Fri,Jantar Mantar,13:07,8
873,Margret Cancelier,17-03-22,Thu,Qutub Minar,13:03,8
874,Bendick McKie,20-03-22,Sun,Humayuns Tomb,13:20,4
875,Adelice Arghent,02-03-22,Wed,Red Fort,09:31,7
876,Marilin Dressel,05-03-22,Sat,Akshardham Temple,11:51,10
877,Waylin Chue,02-03-22,Wed,Humayuns Tomb,13:00,10
878,Michaela Lambert-Ciorwyn,24-03-22,Thu,Akshardham Temple,11:50,3
879,Debor Meins,12-03-22,Sat,Akshardham Temple,15:11,5
880,Vincents Barnewall,20-03-22,Sun,Humayuns Tomb,09:24,7
881,Seka Richardt,22-03-22,Tue,Qutub Minar,09:42,9
882,Hester Luckhurst,18-03-22,Fri,Red Fort,14:51,1
883,Modestine Langeley,05-03-22,Sat,Humayuns Tomb,13:09,9
884,Calida Marrian,10-03-22,Thu,Safdarjung Tomb,14:56,9
885,Bernadine Dooman,17-03-22,Thu,Humayuns Tomb,16:12,4
886,Darnell Dumblton,05-03-22,Sat,Akshardham Temple,10:10,8
887,Darda Lowell,04-03-22,Fri,Red Fort,14:53,1
888,Kristo Elmhurst,13-03-22,Sun,Red Fort,15:08,5
889,Colman Levet,05-03-22,Sat,Akshardham Temple,09:36,8
890,Kristel MacDermot,20-03-22,Sun,Humayuns Tomb,14:07,8
891,Jill Ventum,09-03-22,Wed,Jantar Mantar,12:19,1
892,Yoko Jakubovics,09-03-22,Wed,Qutub Minar,10:27,9
893,Johannes Margeram,10-03-22,Thu,Prurana Qila,11:56,6
894,Jacinda Burchatt,03-03-22,Thu,Red Fort,10:46,6
895,Edyth Teall,19-03-22,Sat,Prurana Qila,14:23,7
896,Christan Guys,05-03-22,Sat,Prurana Qila,13:29,10
897,Perry Cushe,01-03-22,Tue,Red Fort,11:48,5
898,Zared Welling,19-03-22,Sat,Jantar Mantar,09:44,3
899,Culver Forkan,07-03-22,Mon,Akshardham Temple,16:34,5
900,Timothea Towse,07-03-22,Mon,Qutub Minar,15:58,3
901,Granville Faussett,18-03-22,Fri,Red Fort,16:05,1
902,Grazia Keasley,13-03-22,Sun,Jantar Mantar,13:56,5
903,Denyse Willmer,09-03-22,Wed,Safdarjung Tomb,14:04,7
904,Brandy Charlwood,24-03-22,Thu,Humayuns Tomb,16:19,7
905,Eryn Vido,05-03-22,Sat,Humayuns Tomb,11:04,5
906,Sanson MacKenney,02-03-22,Wed,Jantar Mantar,12:37,9
907,Lonnard Crowdy,10-03-22,Thu,Red Fort,09:24,7
908,Nicoli Dakhov,13-03-22,Sun,Jantar Mantar,14:55,1
909,Reinold Healings,05-03-22,Sat,Jantar Mantar,15:28,2
910,Francklyn Sabathier,04-03-22,Fri,Humayuns Tomb,15:09,1
911,Marjory Klouz,10-03-22,Thu,Akshardham Temple,12:14,9
912,Carlye Avrashin,16-03-22,Wed,Akshardham Temple,11:25,4
913,Lianne Momery,01-03-22,Tue,Jantar Mantar,09:51,5
914,Jarret Hebble,10-03-22,Thu,Prurana Qila,13:22,6
915,Genevra Paxeford,02-03-22,Wed,Akshardham Temple,12:17,8
916,Deloris Briton,22-03-22,Tue,Red Fort,09:52,6
917,Zandra Bedminster,24-03-22,Thu,Safdarjung Tomb,11:48,5
918,Rainer Bonass,04-03-22,Fri,Red Fort,09:50,8
919,Pippa Clendinning,06-03-22,Sun,Jantar Mantar,09:14,4
920,Carlene Menendes,08-03-22,Tue,Qutub Minar,09:05,3
921,Boony Soppeth,11-03-22,Fri,Akshardham Temple,13:50,1
922,Benny Frampton,24-03-22,Thu,Akshardham Temple,15:24,3
923,Bruno Hugueville,08-03-22,Tue,Jantar Mantar,12:25,2
924,Amabel Gelly,11-03-22,Fri,Qutub Minar,13:47,7
925,Sharia Dallander,01-03-22,Tue,Akshardham Temple,11:55,1
926,Madelon Binley,19-03-22,Sat,Qutub Minar,16:40,1
927,Jaine Naisby,13-03-22,Sun,Jantar Mantar,11:50,1
928,Edy Frisdick,06-03-22,Sun,Red Fort,16:49,3
929,Keven O'Kenny,12-03-22,Sat,Red Fort,10:08,5
930,Bernete Varker,16-03-22,Wed,Red Fort,14:13,8
931,Elsy Rough,16-03-22,Wed,Akshardham Temple,09:31,4
932,Martha Bardey,11-03-22,Fri,Akshardham Temple,09:43,4
933,Lou Pyle,06-03-22,Sun,Akshardham Temple,15:32,7
934,Tildy Jaques,13-03-22,Sun,Akshardham Temple,09:29,5
935,Gilemette Wrankmore,20-03-22,Sun,Safdarjung Tomb,13:57,9
936,Gamaliel Yakunchikov,22-03-22,Tue,Prurana Qila,11:35,5
937,Waylan Sigge,02-03-22,Wed,Prurana Qila,16:22,8
938,Buckie Vallentin,08-03-22,Tue,Humayuns Tomb,15:33,4
939,Durward Edelheid,09-03-22,Wed,Safdarjung Tomb,14:27,1
940,Mendy Licciardello,11-03-22,Fri,Red Fort,15:14,8
941,Kacy Cliffe,18-03-22,Fri,Akshardham Temple,15:41,3
942,Leland Salerno,15-03-22,Tue,Qutub Minar,14:35,7
943,Yasmeen Entwisle,22-03-22,Tue,Red Fort,11:22,5
944,Margret Heineken,01-03-22,Tue,Qutub Minar,16:09,7
945,Grove Calabry,16-03-22,Wed,Akshardham Temple,15:21,10
946,Margo Heyburn,20-03-22,Sun,Humayuns Tomb,10:09,8
947,Angele Pashan,08-03-22,Tue,Qutub Minar,16:35,3
948,Gerianne Doulden,15-03-22,Tue,Prurana Qila,16:25,6
949,Magdaia Soots,04-03-22,Fri,Prurana Qila,15:01,3
950,Kassie Jakubovski,03-03-22,Thu,Akshardham Temple,14:31,5
951,Matilde Slamaker,18-03-22,Fri,Safdarjung Tomb,09:18,3
952,Sean Jagielski,10-03-22,Thu,Akshardham Temple,16:02,10
953,Rebeka Fredson,23-03-22,Wed,Akshardham Temple,11:34,7
954,Alane Bage,13-03-22,Sun,Jantar Mantar,16:23,3
955,Berkley Baden,24-03-22,Thu,Akshardham Temple,11:18,10
956,Yevette Goldingay,05-03-22,Sat,Red Fort,16:56,10
957,Bonita Cawthorn,02-03-22,Wed,Safdarjung Tomb,10:21,3
958,Kaila Sandey,02-03-22,Wed,Red Fort,10:10,7
959,Claudelle Gurery,19-03-22,Sat,Qutub Minar,14:28,2
960,Konrad Odeson,01-03-22,Tue,Akshardham Temple,09:15,9
961,Wilfrid Espinoy,10-03-22,Thu,Safdarjung Tomb,16:34,7
962,Georgiana Brane,09-03-22,Wed,Humayuns Tomb,14:32,2
963,Harper Burdett,12-03-22,Sat,Prurana Qila,16:16,1
964,Johann Ewing,05-03-22,Sat,Prurana Qila,12:36,7
965,Zach Kerwin,06-03-22,Sun,Qutub Minar,15:37,5
966,Yuri Stud,20-03-22,Sun,Prurana Qila,12:02,6
967,Mufi Bullivent,03-03-22,Thu,Jantar Mantar,10:19,5
968,Tana Robbert,06-03-22,Sun,Safdarjung Tomb,12:15,6
969,Millicent Turnbull,17-03-22,Thu,Akshardham Temple,16:45,5
970,Roda Lindsley,08-03-22,Tue,Qutub Minar,09:15,8
971,Pat Grealey,24-03-22,Thu,Red Fort,13:38,2
972,Alison Swapp,18-03-22,Fri,Safdarjung Tomb,16:04,2
973,Ellissa Caghy,14-03-22,Mon,Red Fort,13:15,9
974,Haywood Hanse,03-03-22,Thu,Qutub Minar,13:36,4
975,Winny Petersen,01-03-22,Tue,Red Fort,09:15,6
976,Neda Shipcott,23-03-22,Wed,Qutub Minar,12:38,8
977,Aubry Greedyer,23-03-22,Wed,Safdarjung Tomb,10:20,5
978,Jenni Barnwille,13-03-22,Sun,Safdarjung Tomb,14:23,10
979,Jeni Hartley,22-03-22,Tue,Prurana Qila,16:37,2
980,Josephine Niese,20-03-22,Sun,Red Fort,13:47,10
981,Tracee Hargraves,24-03-22,Thu,Qutub Minar,14:39,10
982,Godard Riseborough,14-03-22,Mon,Akshardham Temple,15:37,6
983,Elsy Berndtssen,15-03-22,Tue,Prurana Qila,12:03,5
984,Etheline Sessuns,23-03-22,Wed,Humayuns Tomb,12:45,8
985,Eldin Bulger,10-03-22,Thu,Safdarjung Tomb,11:26,6
986,Ethel Crossby,10-03-22,Thu,Humayuns Tomb,14:33,8
987,Zachary Livingstone,23-03-22,Wed,Humayuns Tomb,13:42,9
988,Hamil Fourmy,18-03-22,Fri,Qutub Minar,10:37,8
989,Lonnie Keward,14-03-22,Mon,Jantar Mantar,16:01,6
990,Bancroft Ouslem,22-03-22,Tue,Safdarjung Tomb,16:41,5
991,Maxim Tufts,18-03-22,Fri,Prurana Qila,16:06,8
992,Ericha Eykelbosch,06-03-22,Sun,Prurana Qila,10:07,7
993,Maximo Manon,10-03-22,Thu,Safdarjung Tomb,15:08,2
994,Charity Edrich,05-03-22,Sat,Akshardham Temple,10:54,7
995,Camella Boules,12-03-22,Sat,Red Fort,10:54,5
996,Alick Lardiner,12-03-22,Sat,Humayuns Tomb,11:30,7
997,Christos Kenyon,11-03-22,Fri,Qutub Minar,11:40,9
998,Marcelle Enderlein,09-03-22,Wed,Safdarjung Tomb,16:06,7
999,Leeanne Browett,12-03-22,Sat,Red Fort,12:42,3
1000,Giffard Bohler,12-03-22,Sat,Red Fort,15:42,10
